Name,Age,Gender,Category,Habit,Time,Duration,Rating
Pennie,25,Non-binary,Mindfulness,Meditate,6:00-AM,30-Mins,2.24039861362294
Allissa,24,Male,Personal-Care,Wear-a-Mask,All-Day,---,3.64632059214071
Jameson,17,Male,Leisure,Dance,6:00-PM,30-Mins,3.52766749436102
Jacinta,21,Female,Exercise,Core-Training,6:00-PM,40-Mins,0.742925864681179
Alexandro,13,Female,Mindfulness,Meditate,6:00-AM,30-Mins,0.255930238072731
Kay,23,Female,Leisure,Go-Bowling,6:00-PM,30-Mins,0.359334013313802
Way,26,Male,Exercise,Lift-Weight,6:00-PM,30-Mins,4.97568933598479
Ebony,24,Female,Mindfulness,Review-Your-Day,10:00-PM,10-Mins,3.18236616787651
Sal,16,Male,Mindfulness,Get-Good-Sleep,10:30-PM,8-Hours,3.09193578690396
Riane,15,Female,Exercise,Running,5:40-PM,20-Mins,3.71397745965145
Ardene,20,Female,Mindfulness,Take-a-Cold-Shower,6:30-AM,20-Mins,4.03843900136847
Jolie,16,Genderqueer,Exercise,Practice-Boxing,6:00-PM,30-Mins,0.286630972027002
Phillipp,24,Female,Personal-Care,Take-Essential-Vitamins,10:00-PM,5-Mins,3.42595330417067
Max,23,Male,Exercise,Practice-for-Baseball,6:00-PM,30-Mins,3.1402774347791
Beryle,27,Male,Leisure,Jump-Rope,6:00-PM,30-Mins,3.94989069821957
Verne,12,Female,Exercise,Lift-Weight,6:00-PM,30-Mins,3.33186194432249
Mauricio,15,Female,Mindfulness,Meditate,6:00-AM,30-Mins,3.65929733763847
Keriann,13,Male,Organisation,Clean-Up-Emails,8:40-AM,20-Mins,3.46863617803167
Barry,27,Female,Socialising,Call-My-Parents,9:00-PM,10-Mins,4.31353104344117
Benton,16,Male,Mindfulness,Take-Power-Naps,All-Day,15-Mins,4.32097597888869
Corby,22,Male,Leisure,Go-Bowling,6:00-PM,30-Mins,3.65027714172017
Jocelyne,19,Male,Exercise,Swimming,6:00-PM,40-Mins,2.16811488201334
Haily,19,Female,Mindfulness,Read-Books,7:00-AM,30-Mins,2.33169483060061
Osborne,26,Female,Mindfulness,Spend-Time-with-Yourself,10:00-PM,30-Mins,0.401821709607416
Ben,28,Male,Exercise,Swimming,6:00-PM,40-Mins,2.55134097613845
Hymie,30,Male,Exercise,Swimming,6:00-PM,40-Mins,2.28210797183937
Junette,24,Male,Exercise,Practice-Boxing,6:00-PM,30-Mins,3.15680884047545
Myrlene,24,Female,Leisure,Go-Bowling,6:00-PM,30-Mins,4.48639067771223
Justis,15,Female,Mindfulness,Practice-Yoga,6:00-AM,30-Mins,0.891113171347499
Corinna,27,Male,Personal-Care,Wear-a-Mask,All-Day,---,1.92032353772471
Birdie,25,Male,Exercise,Exercise-Time,6:00-PM,30-Mins,1.93506454405771
Catharine,16,Female,Exercise,Practice-Boxing,6:00-PM,30-Mins,2.57983845593545
Raffaello,15,Female,Personal-Care,Wash-Your-Hands,All-Day,2-Mins,4.12904306248659
Adi,25,Male,Personal-Care,Watch-Your-Diet,8:00-PM,10-Mins,0.459819425057389
Marrissa,19,Genderqueer,Mindfulness,Get-Good-Sleep,10:30-PM,8-Hours,1.33071609876804
Jackqueline,26,Male,Socialising,Appreciate-Others,All-Day,5-Mins,4.43689277494253
Ki,24,Male,Socialising,Spend-Time-with-Family,8:00-PM,30mins,4.46820463461179
Silvano,19,Female,Mindfulness,Take-Power-Naps,All-Day,15-Mins,4.41112985455383
Olag,15,Male,Productivity,Practice-Coding,9:00-AM,2-Hours,1.08816999742418
Iggie,13,Male,Leisure,Dance,6:00-PM,30-Mins,4.32076619866501
Nola,24,Male,Mindfulness,Spend-Time-with-Yourself,10:00-PM,30-Mins,1.40097184665926
Lamar,22,Female,Mindfulness,Play-the-Guitar,7:00-PM,30-Mins,3.17079719539711
Jasen,28,Female,Exercise,Quick-Stretch,5:50-PM,10-Mins,4.97061538367582
Roger,18,Male,Exercise,Core-Training,6:00-PM,40-Mins,4.18234481735752
Beniamino,20,Female,Productivity,Learn-New-Languages,3:00-PM,30-Mins,4.35635916864759
Haydon,30,Female,Mindfulness,Spend-Time-with-Yourself,10:00-PM,30-Mins,4.43820871271278
Dugald,25,Female,Personal-Care,Watch-Your-Diet,8:00-PM,10-Mins,3.67095893715887
Hilton,20,Male,Mindfulness,Practice-Yoga,6:00-AM,30-Mins,4.02173379352253
Karina,15,Male,Productivity,Learn-New-Languages,3:00-PM,30-Mins,1.06745204234093
Brady,26,Female,Organization,Set-a-To-do-List,10:00-PM,10-Mins,1.94091904707857
Lennie,27,Female,Exercise,Treadmill-Running,6:00-PM,30-Mins,3.83096201053033
Mikol,14,Female,Personal-Care,Watch-Your-Diet,8:00-PM,10-Mins,2.90733531792908
Jazmin,16,Female,Exercise,Exercise-Time,6:00-PM,30-Mins,3.03784049662857
Lexie,23,Genderfluid,Exercise,Climb-Those-Stairs,6:00-PM,30-Mins,2.98092734628222
Petronille,20,Male,Personal-Care,Take-a-Healthy-Diet,All-Day,30-Mins,2.15031075160499
Katrinka,24,Polygender,Exercise,Swimming,6:00-PM,40-Mins,4.06422928672093
Teodoro,16,Female,Exercise,Practice-Boxing,6:00-PM,30-Mins,1.9233638311633
Ephrayim,12,Female,Mindfulness,Go-for-a-Walk,6:00-AM,30-Mins,1.68822416610578
Will,22,Genderfluid,Productivity,Read-an-Article,7:30-PM,20-Mins,4.90156364482924
Sybila,19,Male,Personal-Care,Take-Essential-Vitamins,10:00-PM,5-Mins,4.63900944272631
Etan,22,Female,Exercise,Core-Training,6:00-PM,40-Mins,3.5352795073522
Andromache,23,Male,Personal-Care,Take-a-Healthy-Diet,All-Day,30-Mins,0.821768572212187
Keelia,23,Female,Personal-Care,Take-a-Healthy-Diet,All-Day,30-Mins,0.539478060022818
Stephanie,29,Female,Exercise,Cycling,6:00-AM,30-Mins,1.08232018810768
Colin,30,Male,Personal-Care,Wear-a-Mask,All-Day,---,1.90728691681241
Nataline,27,Female,Exercise,Play-Badminton,6:00-PM,30-Mins,4.03333092065105
Tove,21,Male,Leisure,Go-Climbing,6:00-PM,30-Mins,3.41986087208851
Tiffanie,28,Female,Leisure,Go-Climbing,6:00-PM,30-Mins,1.92806326811575
Demetrius,12,Female,Productivity,Learn-New-Languages,3:00-PM,30-Mins,3.37917265075952
Laurena,12,Female,Personal-Care,Wash-Your-Hands,All-Day,2-Mins,2.26556396041841
Gav,14,Female,Leisure,Go-Climbing,6:00-PM,30-Mins,0.240274398405083
Franky,26,Female,Socialising,Call-My-Parents,9:00-PM,10-Mins,3.18257306098421
Darnall,13,Male,Leisure,Go-Rowing,Weekend,2-Hours,1.94364234623448
Eadie,20,Genderfluid,Leisure,Dance,6:00-PM,30-Mins,2.52651684270931
Agnesse,13,Female,Mindfulness,Meditate,6:00-AM,30-Mins,3.21120168791624
Claudia,26,Female,Mindfulness,Read-Books,7:00-AM,30-Mins,4.47731183431325
Denys,28,Male,Productivity,Read-an-Article,7:30-PM,20-Mins,2.47758594062339
Clemence,14,Female,Mindfulness,Get-Good-Sleep,10:30-PM,8-Hours,0.246372402119049
Dela,19,Male,Mindfulness,Review-Your-Day,10:00-PM,10-Mins,0.357146317346995
Scott,19,Male,Mindfulness,Spend-Time-with-Yourself,10:00-PM,30-Mins,3.76611664280855
Velvet,25,Female,Leisure,Jump-Rope,6:00-PM,30-Mins,0.947176970227596
Isabeau,19,Female,Productivity,Learn-New-Languages,3:00-PM,30-Mins,3.89042397768642
Marjy,20,Male,Socialising,Spend-Time-with-Family,8:00-PM,30mins,2.16269295959831
Eberto,22,Male,Exercise,Quick-Stretch,5:50-PM,10-Mins,0.0277681051140746
Aindrea,15,Male,Productivity,Paint-and-Draw,Weekend,2-Hours,4.16632575818756
Jen,17,Male,Exercise,Practice-Boxing,6:00-PM,30-Mins,2.55455150162933
Heall,28,Female,Exercise,Practice-for-Baseball,6:00-PM,30-Mins,3.98589810598854
Ardith,28,Male,Productivity,Paint-and-Draw,Weekend,2-Hours,2.17715793021395
Correna,16,Male,Organization,Set-a-To-do-List,10:00-PM,10-Mins,4.13595434114686
Oswald,17,Female,Mindfulness,Meditate,6:00-AM,30-Mins,2.84935891205756
Corrina,14,Male,Mindfulness,Get-Good-Sleep,10:30-PM,8-Hours,3.26506509333338
Shay,19,Female,Personal-Care,Watch-Your-Diet,8:00-PM,10-Mins,4.34642928241885
Caitlin,28,Female,Exercise,Hit-the-Gym,6:00-PM,40-Mins,2.03364890912641
Irvin,29,Male,Personal-Care,Take-a-Healthy-Diet,All-Day,30-Mins,1.6815246934409
Frasier,19,Bigender,Organization,Set-a-To-do-List,10:00-PM,10-Mins,0.462632164329956
Elinore,16,Non-binary,Mindfulness,Play-the-Guitar,7:00-PM,30-Mins,3.44021684299833
Jonie,19,Male,Socialising,Spend-Time-with-Family,8:00-PM,30mins,0.16697266152381
Kliment,19,Polygender,Organisation,Clean-Up-Emails,8:40-AM,20-Mins,2.70925111826893
Star,28,Female,Mindfulness,Take-Power-Naps,All-Day,15-Mins,2.01139934598033
Pierce,24,Female,Personal-Care,Eat-Fruits,All-Day,10-Mins,0.933518805437998
Israel,12,Female,Personal-Care,Wash-Your-Hands,All-Day,2-Mins,3.43604474401199
Faun,20,Male,Exercise,Cardio-Training,6:00-PM,40-Mins,2.16192385368164
Hewe,24,Male,Personal-Care,Wash-Your-Hands,All-Day,2-Mins,4.81027792077151
Albertina,30,Male,Exercise,Burn-some-Calories,6:00-PM,30-Mins,1.88942942249268
Jason,21,Female,Leisure,Go-Fishing,Weekend,2-Hours,4.44327170326884
Charita,18,Male,Leisure,Go-Bowling,6:00-PM,30-Mins,3.24667802600958
Blinny,25,Male,Mindfulness,Get-Good-Sleep,10:30-PM,8-Hours,1.77461402715726
Joann,14,Male,Exercise,Core-Training,6:00-PM,40-Mins,4.40018186242845
Erena,27,Female,Mindfulness,Take-Power-Naps,All-Day,15-Mins,2.04749920044886
Annabell,16,Female,Exercise,Treadmill-Running,6:00-PM,30-Mins,1.18662160837229
Denis,28,Polygender,Mindfulness,Play-the-Guitar,7:00-PM,30-Mins,3.01311386445433
Otho,13,Female,Personal-Care,Wash-Your-Hands,All-Day,2-Mins,4.93726133785452
Barr,22,Female,Exercise,Core-Training,6:00-PM,40-Mins,3.81153177276707
Carissa,29,Female,Mindfulness,Take-a-Cold-Shower,6:30-AM,20-Mins,2.61174038818547
Waylen,27,Male,Leisure,Go-Bowling,6:00-PM,30-Mins,4.22202746657373
Kelbee,22,Female,Leisure,Go-Rowing,Weekend,2-Hours,1.49901974443085
Arvy,22,Agender,Mindfulness,Practice-Yoga,6:00-AM,30-Mins,4.67155638676701
Lewes,18,Male,Leisure,Dance,6:00-PM,30-Mins,1.11926804015038
Jerrylee,23,Non-binary,Exercise,Cardio-Training,6:00-PM,40-Mins,0.215452175999385
Saundra,24,Male,Mindfulness,Play-the-Guitar,7:00-PM,30-Mins,0.868388165862615
Kathie,28,Male,Exercise,Count-Your-Steps,All-Day,30-Mins,2.60208394572465
Clary,30,Female,Leisure,Dance,6:00-PM,30-Mins,2.97971934530131
Tad,29,Female,Socialising,Appreciate-Others,All-Day,5-Mins,0.913503947547218
Cathi,19,Female,Socialising,Spend-Time-with-Family,8:00-PM,30mins,1.0931761253547
Vanna,29,Female,Exercise,Stay-Fit-with-Exercises,6:00-PM,40-Mins,0.369024606500051
Tiler,28,Female,Exercise,Stay-Fit-with-Exercises,6:00-PM,40-Mins,3.14255264841819
Dalila,18,Male,Exercise,Climb-Those-Stairs,6:00-PM,30-Mins,2.22622938651037
Gusella,19,Male,Mindfulness,Read-Books,7:00-AM,30-Mins,4.13078167616704
Estevan,16,Female,Exercise,Running,5:40-PM,20-Mins,3.50921989151909
Powell,21,Agender,Exercise,Hit-the-Gym,6:00-PM,40-Mins,2.37214078139343
Edgardo,13,Male,Mindfulness,Read-Books,7:00-AM,30-Mins,0.692028856729264
Melania,19,Male,Leisure,Go-Fishing,Weekend,2-Hours,2.69955944864977
Bartholomew,27,Male,Exercise,Hit-the-Gym,6:00-PM,40-Mins,2.88202175821154
Erasmus,29,Male,Mindfulness,Practice-Yoga,6:00-AM,30-Mins,4.63647764698542
Clarette,22,Genderfluid,Exercise,Climb-Those-Stairs,6:00-PM,30-Mins,1.68075148484274
Philis,14,Male,Leisure,Go-Climbing,6:00-PM,30-Mins,3.40412080113842
Way,19,Female,Mindfulness,Spend-Time-with-Yourself,10:00-PM,30-Mins,2.85526472912904
Nappy,13,Female,Mindfulness,Go-for-a-Walk,6:00-AM,30-Mins,4.32427535500421
Darcee,25,Male,Mindfulness,Read-Books,7:00-AM,30-Mins,2.90569103180666
Arman,16,Male,Exercise,Practice-Boxing,6:00-PM,30-Mins,4.58061431117918
Josiah,21,Non-binary,Leisure,Go-Rowing,Weekend,2-Hours,1.88561692556266
Ilise,26,Male,Mindfulness,Meditate,6:00-AM,30-Mins,1.66662967681928
Sheffie,28,Male,Leisure,Go-Rowing,Weekend,2-Hours,0.487665205732295
Heloise,30,Female,Productivity,Learn-New-Languages,3:00-PM,30-Mins,1.06730289547085
Devin,25,Female,Socialising,Call-My-Parents,9:00-PM,10-Mins,0.316220003631009
Lidia,18,Male,Productivity,Learn-New-Languages,3:00-PM,30-Mins,0.899519554955559
Garland,22,Male,Exercise,Cycling,6:00-AM,30-Mins,0.189651058042482
Justina,24,Male,Exercise,Cycling,6:00-AM,30-Mins,4.12137762190541
Hayward,25,Female,Mindfulness,Take-Power-Naps,All-Day,15-Mins,1.94097353297587
Northrop,16,Male,Personal-Care,Eat-Fruits,All-Day,10-Mins,2.24150834889868
Bowie,13,Male,Exercise,Burn-some-Calories,6:00-PM,30-Mins,0.89068130505402
Alexandro,20,Male,Exercise,Hit-the-Gym,6:00-PM,40-Mins,1.4230106272688
Dallas,13,Male,Productivity,Read-an-Article,7:30-PM,20-Mins,2.84954912014752
Obed,26,Female,Exercise,Running,5:40-PM,20-Mins,0.286110688572765
Chevy,13,Male,Exercise,Count-Your-Steps,All-Day,30-Mins,0.258757351179855
Jobi,22,Male,Exercise,Quick-Stretch,5:50-PM,10-Mins,1.40614430222955
Dena,14,Male,Personal-Care,Take-Essential-Vitamins,10:00-PM,5-Mins,3.87292834948496
Judi,27,Genderqueer,Productivity,Try-a-New-Recipe,Weekend,2-Hours,4.82394907918281
Sella,16,Bigender,Productivity,Learn-New-Languages,3:00-PM,30-Mins,3.41035085936364
Far,26,Female,Organisation,Clean-Up-Emails,8:40-AM,20-Mins,1.73939799488223
Jeff,13,Female,Leisure,Jump-Rope,6:00-PM,30-Mins,2.34065638913709
Darsie,28,Male,Personal-Care,Take-Essential-Vitamins,10:00-PM,5-Mins,0.299986885508482
Ronalda,17,Male,Exercise,Running,5:40-PM,20-Mins,4.38391141520667
Fax,24,Male,Leisure,Play-Golf,6:00-PM,30-Mins,4.78640107356304
Pepita,26,Genderqueer,Exercise,Practice-for-Baseball,6:00-PM,30-Mins,1.88511182960651
Sheridan,21,Male,Mindfulness,Take-a-Cold-Shower,6:30-AM,20-Mins,2.98371198994475
Willa,20,Female,Personal-Care,Eat-Fruits,All-Day,10-Mins,1.43775675063021
Etan,24,Male,Leisure,Jump-Rope,6:00-PM,30-Mins,4.40690209914089
Murial,19,Male,Leisure,Dance,6:00-PM,30-Mins,0.522444907757666
Amandi,23,Male,Mindfulness,Take-Power-Naps,All-Day,15-Mins,0.736444986970005
Yvor,20,Genderfluid,Personal-Care,Drink-Water,All-Day,5-Mins,2.07428162349789
Brenden,16,Male,Mindfulness,Read-Books,7:00-AM,30-Mins,0.222153147445581
Jessa,24,Agender,Mindfulness,Review-Your-Day,10:00-PM,10-Mins,2.37105745066634
Yul,28,Female,Productivity,Learn-New-Languages,3:00-PM,30-Mins,0.830711189806483
Pepita,27,Male,Personal-Care,Take-Essential-Vitamins,10:00-PM,5-Mins,0.912595105913914
Gisele,27,Female,Leisure,Go-Rowing,Weekend,2-Hours,0.152556476404367
Mickie,30,Female,Leisure,Play-Golf,6:00-PM,30-Mins,0.0829006986667837
Florian,27,Female,Exercise,Practice-Boxing,6:00-PM,30-Mins,2.37140487885374
Nathaniel,14,Female,Organization,Set-a-To-do-List,10:00-PM,10-Mins,0.42332289614248
Ennis,29,Male,Exercise,Cardio-Training,6:00-PM,40-Mins,3.00882915808734
Free,16,Female,Leisure,Go-Fishing,Weekend,2-Hours,1.39687963342051
Faustina,28,Male,Exercise,Count-Your-Steps,All-Day,30-Mins,0.574109677052606
Evangelina,18,Female,Exercise,Core-Training,6:00-PM,40-Mins,3.16794570034378
Griswold,14,Genderfluid,Exercise,Hit-the-Gym,6:00-PM,40-Mins,0.403231794656236
Hinze,14,Male,Socialising,Appreciate-Others,All-Day,5-Mins,0.91360203057789
Luz,20,Female,Exercise,Cycling,6:00-AM,30-Mins,2.25508804795479
Daniel,22,Male,Exercise,Practice-Boxing,6:00-PM,30-Mins,3.00412112652512
Corrie,17,Female,Organisation,Clean-Up-Emails,8:40-AM,20-Mins,4.23926070413647
Logan,24,Male,Leisure,Go-Climbing,6:00-PM,30-Mins,3.66285010695048
Diane,16,Female,Leisure,Go-Rowing,Weekend,2-Hours,3.49884785593332
Pauletta,18,Male,Leisure,Dance,6:00-PM,30-Mins,2.08137844097865
Fannie,27,Male,Leisure,Dance,6:00-PM,30-Mins,1.23913080662809
Crosby,23,Female,Organisation,Clean-Up-Emails,8:40-AM,20-Mins,0.349164748726699
Zola,17,Male,Exercise,Running,5:40-PM,20-Mins,0.226178822813867
Bren,26,Female,Exercise,Treadmill-Running,6:00-PM,30-Mins,0.390552024106892
Alasteir,19,Female,Exercise,Climb-Those-Stairs,6:00-PM,30-Mins,3.06407811819266
Milicent,16,Female,Exercise,Stay-Fit-with-Exercises,6:00-PM,40-Mins,1.61100083213893
Nady,20,Female,Socialising,Call-My-Parents,9:00-PM,10-Mins,0.963665501665888
Gawen,21,Female,Productivity,Paint-and-Draw,Weekend,2-Hours,4.74541378989729
Nessy,14,Female,Leisure,Jump-Rope,6:00-PM,30-Mins,2.29463211204159
Kev,28,Male,Personal-Care,Take-Essential-Vitamins,10:00-PM,5-Mins,1.26587217724867
Cody,27,Male,Exercise,Hit-the-Gym,6:00-PM,40-Mins,3.88691693052977
Morissa,20,Female,Exercise,Cardio-Training,6:00-PM,40-Mins,0.620619998210258
Garnette,20,Male,Mindfulness,Take-Power-Naps,All-Day,15-Mins,1.7286366671399
Keelby,20,Male,Productivity,Read-an-Article,7:30-PM,20-Mins,4.21112948295125
Theressa,15,Male,Personal-Care,Wash-Your-Hands,All-Day,2-Mins,0.428381663677046
Clarie,29,Agender,Mindfulness,Read-Books,7:00-AM,30-Mins,4.7701400959873
Donnell,18,Male,Personal-Care,Wear-a-Mask,All-Day,---,1.12307538906181
Mathe,14,Male,Leisure,Go-Fishing,Weekend,2-Hours,1.56070213673283
Flemming,27,Female,Exercise,Climb-Those-Stairs,6:00-PM,30-Mins,0.209998903881553
Kaile,16,Male,Leisure,Go-Bowling,6:00-PM,30-Mins,0.779389934267053
Adlai,22,Female,Personal-Care,Take-a-Healthy-Diet,All-Day,30-Mins,3.79819937455563
Lindsey,16,Female,Mindfulness,Take-Power-Naps,All-Day,15-Mins,1.31027804108659
Jean,20,Male,Exercise,Practice-for-Baseball,6:00-PM,30-Mins,3.39528482021223
Danny,25,Male,Mindfulness,Practice-Yoga,6:00-AM,30-Mins,1.3637149149653
Nat,23,Female,Leisure,Go-Bowling,6:00-PM,30-Mins,3.18628954533789
Kelsey,18,Polygender,Leisure,Go-Rowing,Weekend,2-Hours,3.1518663740202
Tobin,24,Female,Personal-Care,Drink-Water,All-Day,5-Mins,3.24016223586079
Myra,29,Male,Exercise,Core-Training,6:00-PM,40-Mins,0.981482487254184
Johnnie,15,Female,Mindfulness,Practice-Yoga,6:00-AM,30-Mins,0.109980844436444
Wye,15,Female,Exercise,Play-Badminton,6:00-PM,30-Mins,2.98204818455707
Claudette,26,Female,Productivity,Practice-Coding,9:00-AM,2-Hours,3.05001018504381
Krissy,14,Male,Mindfulness,Read-Books,7:00-AM,30-Mins,1.20263854095648
Wendi,20,Male,Personal-Care,Wear-a-Mask,All-Day,---,3.36398518623828
Belia,18,Polygender,Leisure,Jump-Rope,6:00-PM,30-Mins,3.95394650664844
Maggee,18,Male,Personal-Care,Eat-Fruits,All-Day,10-Mins,4.51141529173884
Gustie,20,Male,Exercise,Practice-Boxing,6:00-PM,30-Mins,0.562626080818682
Derwin,22,Male,Productivity,Try-a-New-Recipe,Weekend,2-Hours,3.82693989633071
Loren,30,Genderqueer,Exercise,Count-Your-Steps,All-Day,30-Mins,2.88462745283875
Audie,30,Male,Socialising,Appreciate-Others,All-Day,5-Mins,2.33593199776139
Gayelord,25,Female,Leisure,Go-Climbing,6:00-PM,30-Mins,4.25280562494173
Lorry,28,Male,Exercise,Practice-for-Baseball,6:00-PM,30-Mins,1.69265682417388
Edita,24,Female,Exercise,Lift-Weight,6:00-PM,30-Mins,4.30730215325952
Darill,15,Male,Mindfulness,Practice-Yoga,6:00-AM,30-Mins,4.91045076541507
Malia,26,Genderfluid,Exercise,Swimming,6:00-PM,40-Mins,4.10980494039528
Sadye,19,Male,Leisure,Play-Golf,6:00-PM,30-Mins,1.07514515088626
Melodee,12,Male,Leisure,Jump-Rope,6:00-PM,30-Mins,2.50295285650093
Ezequiel,27,Male,Personal-Care,Wear-a-Mask,All-Day,---,0.523042562645477
Conant,23,Bigender,Mindfulness,Go-for-a-Walk,6:00-AM,30-Mins,3.48811119870206
Crosby,23,Female,Productivity,Paint-and-Draw,Weekend,2-Hours,1.42172173290852
Xena,30,Genderqueer,Exercise,Climb-Those-Stairs,6:00-PM,30-Mins,3.67670990215748
Rhodie,25,Female,Personal-Care,Take-a-Healthy-Diet,All-Day,30-Mins,1.94233627061838
Doll,13,Male,Leisure,Go-Fishing,Weekend,2-Hours,3.26058608116372
Felicity,20,Male,Personal-Care,Drink-Water,All-Day,5-Mins,0.419776409954149
Moishe,15,Genderqueer,Mindfulness,Take-Power-Naps,All-Day,15-Mins,2.92143522126931
Filberte,22,Male,Personal-Care,Take-Essential-Vitamins,10:00-PM,5-Mins,4.40590202486499
Ignaz,29,Female,Exercise,Count-Your-Steps,All-Day,30-Mins,4.48613861458324
Patrizius,18,Female,Mindfulness,Meditate,6:00-AM,30-Mins,1.23019575576195
Elliot,14,Female,Personal-Care,Wash-Your-Hands,All-Day,2-Mins,0.171755262215473
Lodovico,13,Female,Mindfulness,Get-Good-Sleep,10:30-PM,8-Hours,3.78084259454244
Auria,27,Male,Mindfulness,Go-for-a-Walk,6:00-AM,30-Mins,1.62218330599529
Dorothy,29,Agender,Exercise,Practice-Boxing,6:00-PM,30-Mins,2.27707086554088
Esmaria,20,Male,Personal-Care,Wear-a-Mask,All-Day,---,4.27060278499577
Shandeigh,28,Female,Personal-Care,Take-Essential-Vitamins,10:00-PM,5-Mins,1.97032449475726
Ysabel,17,Female,Productivity,Learn-New-Languages,3:00-PM,30-Mins,1.92905964322852
Olenolin,22,Female,Exercise,Cardio-Training,6:00-PM,40-Mins,3.46942246999131
Erasmus,13,Genderfluid,Exercise,Play-Badminton,6:00-PM,30-Mins,2.25030245766012
Kendra,12,Female,Mindfulness,Spend-Time-with-Yourself,10:00-PM,30-Mins,4.10880616665733
Adan,26,Male,Exercise,Burn-some-Calories,6:00-PM,30-Mins,1.38578039102703
Nelie,23,Male,Mindfulness,Go-for-a-Walk,6:00-AM,30-Mins,3.49315473922491
Berni,13,Male,Socialising,Call-My-Parents,9:00-PM,10-Mins,1.02475572443001
Prentice,13,Male,Exercise,Hit-the-Gym,6:00-PM,40-Mins,3.94270252384962
Gertrude,13,Male,Mindfulness,Read-Books,7:00-AM,30-Mins,1.47735803879217
Casper,23,Genderqueer,Exercise,Climb-Those-Stairs,6:00-PM,30-Mins,4.55916670087269
Jo-ann,29,Female,Productivity,Learn-New-Languages,3:00-PM,30-Mins,1.22592823931017
Jacqueline,22,Male,Exercise,Cycling,6:00-AM,30-Mins,4.809623555653
Cart,30,Male,Exercise,Lift-Weight,6:00-PM,30-Mins,2.07489362146747
Loydie,18,Male,Leisure,Go-Bowling,6:00-PM,30-Mins,1.98066463432613
Cesar,22,Female,Exercise,Running,5:40-PM,20-Mins,0.786588446545146
Sebastien,16,Male,Exercise,Hit-the-Gym,6:00-PM,40-Mins,3.43178947470405
Josy,25,Polygender,Leisure,Go-Fishing,Weekend,2-Hours,2.31575258532413
Archibaldo,12,Male,Organisation,Clean-Up-Emails,8:40-AM,20-Mins,2.43707325622552
Pierson,29,Female,Mindfulness,Read-Books,7:00-AM,30-Mins,2.69898910542099
Jimmie,27,Female,Exercise,Climb-Those-Stairs,6:00-PM,30-Mins,1.95028861215376
Joletta,27,Male,Exercise,Practice-for-Baseball,6:00-PM,30-Mins,1.67226628454337
Cherin,22,Female,Personal-Care,Drink-Water,All-Day,5-Mins,1.43296697790848
Feodora,26,Male,Exercise,Hit-the-Gym,6:00-PM,40-Mins,0.0778655804770819
Sheena,23,Genderqueer,Exercise,Practice-Boxing,6:00-PM,30-Mins,0.0816402545513892
Cherri,12,Female,Exercise,Exercise-Time,6:00-PM,30-Mins,4.63609955638809
Fraze,12,Female,Exercise,Count-Your-Steps,All-Day,30-Mins,2.04576587837253
Kaiser,24,Female,Exercise,Stay-Fit-with-Exercises,6:00-PM,40-Mins,4.96209497381244
Britt,26,Male,Mindfulness,Get-Good-Sleep,10:30-PM,8-Hours,0.570165491583135
Denver,25,Male,Socialising,Spend-Time-with-Family,8:00-PM,30mins,1.0997707663615
Winona,13,Female,Mindfulness,Take-Power-Naps,All-Day,15-Mins,4.63463405860205
Nancy,23,Female,Socialising,Spend-Time-with-Family,8:00-PM,30mins,1.17066878298121
Karisa,28,Female,Exercise,Treadmill-Running,6:00-PM,30-Mins,4.78649483138533
Dede,15,Female,Mindfulness,Go-for-a-Walk,6:00-AM,30-Mins,1.24808180181388
Toni,28,Male,Mindfulness,Write-in-Journal,10:00-PM,30-Mins,2.86698761440817
Shaylyn,14,Female,Exercise,Running,5:40-PM,20-Mins,1.61832033796623
Dave,21,Male,Mindfulness,Review-Your-Day,10:00-PM,10-Mins,0.739218395263486
Goran,14,Female,Leisure,Go-Bowling,6:00-PM,30-Mins,2.70055663427549
Sebastian,30,Female,Exercise,Practice-Boxing,6:00-PM,30-Mins,1.39090593515602
Markos,29,Male,Exercise,Burn-some-Calories,6:00-PM,30-Mins,4.40506406296198
Delia,30,Female,Productivity,Read-an-Article,7:30-PM,20-Mins,3.50389565992557
Gisele,15,Male,Leisure,Go-Bowling,6:00-PM,30-Mins,0.707155566086345
Jeromy,23,Female,Exercise,Cardio-Training,6:00-PM,40-Mins,2.89640940101984
Cos,24,Male,Personal-Care,Eat-Fruits,All-Day,10-Mins,2.50079562932059
Allyce,14,Female,Leisure,Go-Climbing,6:00-PM,30-Mins,4.58481386812273
Sosanna,14,Female,Exercise,Swimming,6:00-PM,40-Mins,0.753420070429873
Meir,25,Male,Exercise,Core-Training,6:00-PM,40-Mins,4.74182553530091
Collin,18,Female,Exercise,Climb-Those-Stairs,6:00-PM,30-Mins,2.80262692878337
Clemente,12,Female,Productivity,Try-a-New-Recipe,Weekend,2-Hours,3.68870675790423
Aimil,17,Male,Productivity,Paint-and-Draw,Weekend,2-Hours,3.85855393686468
Benita,30,Male,Mindfulness,Spend-Time-with-Yourself,10:00-PM,30-Mins,1.32332199268719
Lyda,16,Female,Exercise,Climb-Those-Stairs,6:00-PM,30-Mins,0.85219570359233
Perl,23,Male,Exercise,Practice-Boxing,6:00-PM,30-Mins,2.61085209848655
Raphael,15,Polygender,Leisure,Go-Fishing,Weekend,2-Hours,1.52708656990394
Meyer,26,Female,Mindfulness,Meditate,6:00-AM,30-Mins,2.5420862373588
Marji,26,Female,Exercise,Hit-the-Gym,6:00-PM,40-Mins,4.31237342301284
Brennen,25,Female,Mindfulness,Meditate,6:00-AM,30-Mins,0.75742428432225
Evvy,12,Male,Mindfulness,Take-a-Cold-Shower,6:30-AM,20-Mins,0.00606563432622304
Chrisy,19,Male,Productivity,Learn-New-Languages,3:00-PM,30-Mins,3.42965553068423
Noble,13,Female,Mindfulness,Take-Power-Naps,All-Day,15-Mins,2.69717647951539
Tobias,12,Male,Exercise,Lift-Weight,6:00-PM,30-Mins,1.42487728602782
Nicholas,21,Female,Leisure,Go-Bowling,6:00-PM,30-Mins,2.61363728390184
Brandyn,28,Male,Exercise,Quick-Stretch,5:50-PM,10-Mins,3.9628850658492
Ibrahim,19,Male,Productivity,Practice-Coding,9:00-AM,2-Hours,0.106188668087266
Chicky,17,Male,Exercise,Practice-for-Baseball,6:00-PM,30-Mins,2.42549189506275
Denni,12,Female,Mindfulness,Write-in-Journal,10:00-PM,30-Mins,3.55031572820718
Barris,13,Male,Mindfulness,Read-Books,7:00-AM,30-Mins,2.60285858170956
Charity,26,Genderqueer,Leisure,Jump-Rope,6:00-PM,30-Mins,0.380740602810731
Gipsy,21,Male,Productivity,Read-an-Article,7:30-PM,20-Mins,0.086158697258
Kathleen,23,Male,Mindfulness,Go-for-a-Walk,6:00-AM,30-Mins,0.0162384130882546
Mariya,17,Male,Productivity,Paint-and-Draw,Weekend,2-Hours,4.98990673953779
Finlay,15,Male,Exercise,Stay-Fit-with-Exercises,6:00-PM,40-Mins,0.507379891517753
Fowler,14,Male,Leisure,Go-Bowling,6:00-PM,30-Mins,0.347087485719766
Leelah,12,Male,Productivity,Read-an-Article,7:30-PM,20-Mins,4.33703943487244
Sigvard,16,Female,Exercise,Play-Badminton,6:00-PM,30-Mins,2.69627993268258
Hugh,16,Male,Socialising,Appreciate-Others,All-Day,5-Mins,3.41103149871977
Deck,19,Female,Exercise,Count-Your-Steps,All-Day,30-Mins,4.15994995401437
Lucius,19,Female,Leisure,Dance,6:00-PM,30-Mins,1.93723778840591
Wadsworth,16,Female,Productivity,Paint-and-Draw,Weekend,2-Hours,2.1057333245724
Lynnet,30,Female,Exercise,Cardio-Training,6:00-PM,40-Mins,4.94044523574062
Doria,18,Female,Exercise,Hit-the-Gym,6:00-PM,40-Mins,3.59132758857021
Roma,12,Male,Socialising,Spend-Time-with-Family,8:00-PM,30mins,2.80085459541249
Odette,19,Female,Mindfulness,Play-the-Guitar,7:00-PM,30-Mins,2.23000540078324
Tobit,26,Male,Mindfulness,Meditate,6:00-AM,30-Mins,0.518009894030558
Barbabra,28,Polygender,Productivity,Paint-and-Draw,Weekend,2-Hours,1.12766913390762
Gilles,24,Female,Mindfulness,Meditate,6:00-AM,30-Mins,1.80445446975832
Hermine,25,Female,Productivity,Paint-and-Draw,Weekend,2-Hours,3.47572946839716
Zilvia,20,Genderqueer,Mindfulness,Take-Power-Naps,All-Day,15-Mins,2.89049935492229
Franny,17,Male,Exercise,Play-Badminton,6:00-PM,30-Mins,2.60574340169428
Sutton,12,Male,Socialising,Appreciate-Others,All-Day,5-Mins,3.37134084312299
Zara,16,Female,Exercise,Treadmill-Running,6:00-PM,30-Mins,3.02309373508753
Valry,13,Bigender,Organisation,Clean-Up-Emails,8:40-AM,20-Mins,3.70839465020101
Link,16,Male,Exercise,Practice-Boxing,6:00-PM,30-Mins,2.19623113584973
Isabelle,20,Polygender,Exercise,Play-Badminton,6:00-PM,30-Mins,4.22204587772535
Illa,25,Male,Leisure,Jump-Rope,6:00-PM,30-Mins,1.63221035005193
Kari,25,Male,Leisure,Dance,6:00-PM,30-Mins,3.75296375709939
Ida,22,Male,Productivity,Learn-New-Languages,3:00-PM,30-Mins,4.31378391479695
Rochester,19,Female,Mindfulness,Get-Good-Sleep,10:30-PM,8-Hours,4.49891109228823
Glyn,21,Bigender,Personal-Care,Eat-Fruits,All-Day,10-Mins,0.622343331740452
Griffie,21,Female,Mindfulness,Take-a-Cold-Shower,6:30-AM,20-Mins,3.41211334531446
Auberon,12,Male,Leisure,Go-Climbing,6:00-PM,30-Mins,2.76948420469814
Lockwood,14,Male,Mindfulness,Write-in-Journal,10:00-PM,30-Mins,2.1770265475115
Benjamin,28,Female,Leisure,Go-Rowing,Weekend,2-Hours,1.73499582017949
Cyrille,12,Female,Leisure,Go-Bowling,6:00-PM,30-Mins,4.54877651276067
Petunia,19,Male,Personal-Care,Take-a-Healthy-Diet,All-Day,30-Mins,1.93515064275914
Evaleen,24,Male,Mindfulness,Play-the-Guitar,7:00-PM,30-Mins,4.01217761416724
Idalia,21,Female,Exercise,Exercise-Time,6:00-PM,30-Mins,2.13881391976805
Stanly,20,Female,Mindfulness,Take-Power-Naps,All-Day,15-Mins,2.80872316600216
Mandy,30,Female,Productivity,Practice-Coding,9:00-AM,2-Hours,0.771976877134501
Bobbette,15,Female,Exercise,Cycling,6:00-AM,30-Mins,4.09117686384492
Filide,30,Male,Exercise,Count-Your-Steps,All-Day,30-Mins,0.53059470838935
Tiebold,24,Male,Productivity,Paint-and-Draw,Weekend,2-Hours,2.59928941346109
Quincey,20,Male,Exercise,Running,5:40-PM,20-Mins,0.935134290029009
Harri,14,Polygender,Leisure,Go-Rowing,Weekend,2-Hours,0.177477033417615
Trixy,29,Female,Organisation,Clean-Up-Emails,8:40-AM,20-Mins,2.12576123614345
Kippie,19,Agender,Socialising,Appreciate-Others,All-Day,5-Mins,4.16335627555417
Ara,23,Male,Exercise,Cycling,6:00-AM,30-Mins,3.14026817772313
Nettle,30,Female,Personal-Care,Watch-Your-Diet,8:00-PM,10-Mins,2.09177479056411
Bar,23,Genderfluid,Mindfulness,Write-in-Journal,10:00-PM,30-Mins,0.580754861502266
Prescott,16,Female,Leisure,Go-Climbing,6:00-PM,30-Mins,2.86288089842719
Felike,18,Male,Leisure,Go-Rowing,Weekend,2-Hours,2.32250061231375
Myrle,20,Female,Mindfulness,Practice-Yoga,6:00-AM,30-Mins,3.6301523756649
Ainslee,16,Female,Mindfulness,Spend-Time-with-Yourself,10:00-PM,30-Mins,2.61429774365808
Hube,20,Bigender,Personal-Care,Wash-Your-Hands,All-Day,2-Mins,3.17253916317409
Morie,17,Genderfluid,Exercise,Quick-Stretch,5:50-PM,10-Mins,2.97882694654472
Rory,12,Female,Productivity,Read-an-Article,7:30-PM,20-Mins,3.48013506190184
Bran,29,Female,Exercise,Swimming,6:00-PM,40-Mins,1.44187430881963
Heloise,19,Female,Leisure,Play-Golf,6:00-PM,30-Mins,4.70927096345351
Goldy,18,Male,Leisure,Go-Fishing,Weekend,2-Hours,0.24247692591714
Dare,18,Female,Mindfulness,Spend-Time-with-Yourself,10:00-PM,30-Mins,0.768312310487444
Joanne,12,Male,Exercise,Quick-Stretch,5:50-PM,10-Mins,4.09908511877289
Torr,29,Genderqueer,Productivity,Learn-New-Languages,3:00-PM,30-Mins,0.484086961085272
Alistair,26,Female,Exercise,Practice-for-Baseball,6:00-PM,30-Mins,0.86454174560195
Asia,25,Female,Exercise,Quick-Stretch,5:50-PM,10-Mins,4.66851204175339
Harlene,27,Male,Exercise,Practice-for-Baseball,6:00-PM,30-Mins,4.14281311827706
Chrotoem,13,Male,Personal-Care,Watch-Your-Diet,8:00-PM,10-Mins,3.28588639317764
Demetra,28,Genderqueer,Mindfulness,Meditate,6:00-AM,30-Mins,4.28319838240276
Odilia,30,Female,Personal-Care,Watch-Your-Diet,8:00-PM,10-Mins,4.98295423130985
Myrta,18,Female,Exercise,Cardio-Training,6:00-PM,40-Mins,3.62801677103544
Abram,26,Female,Personal-Care,Take-Essential-Vitamins,10:00-PM,5-Mins,1.67921492377265
Erastus,29,Male,Organisation,Clean-Up-Emails,8:40-AM,20-Mins,4.67192192307131
Harland,15,Male,Exercise,Running,5:40-PM,20-Mins,2.07535352225022
Kristo,24,Male,Exercise,Cardio-Training,6:00-PM,40-Mins,3.06994905161168
Avis,30,Male,Exercise,Cardio-Training,6:00-PM,40-Mins,2.91922028878205
Dicky,18,Female,Exercise,Practice-Boxing,6:00-PM,30-Mins,2.14855990657211
Aldric,21,Male,Leisure,Go-Fishing,Weekend,2-Hours,3.44797606035651
Ulrika,25,Polygender,Leisure,Go-Rowing,Weekend,2-Hours,1.64278724660712
Vanda,12,Male,Personal-Care,Wash-Your-Hands,All-Day,2-Mins,4.2702144268857
Jesselyn,29,Female,Leisure,Go-Bowling,6:00-PM,30-Mins,4.321759205168
Grethel,17,Male,Leisure,Go-Bowling,6:00-PM,30-Mins,1.87779756924642
Nancee,25,Female,Productivity,Learn-New-Languages,3:00-PM,30-Mins,4.80309004858303
Ignatius,18,Male,Exercise,Count-Your-Steps,All-Day,30-Mins,1.89161923758974
Zeke,19,Male,Leisure,Play-Golf,6:00-PM,30-Mins,3.68265806318591
Munmro,20,Male,Mindfulness,Go-for-a-Walk,6:00-AM,30-Mins,4.08469886207531
Oona,28,Male,Productivity,Practice-Coding,9:00-AM,2-Hours,2.29143886880956
Kaiser,24,Female,Mindfulness,Play-the-Guitar,7:00-PM,30-Mins,0.732399198508403
Read,13,Male,Exercise,Treadmill-Running,6:00-PM,30-Mins,1.47189529244335
Robina,29,Genderfluid,Mindfulness,Meditate,6:00-AM,30-Mins,2.38283843187309
Carlen,15,Male,Leisure,Dance,6:00-PM,30-Mins,0.684953436550477
Wait,21,Male,Exercise,Cardio-Training,6:00-PM,40-Mins,1.3800920013412
Adelaide,28,Male,Exercise,Climb-Those-Stairs,6:00-PM,30-Mins,0.346226572917677
Brant,21,Male,Leisure,Go-Bowling,6:00-PM,30-Mins,0.200501899771008
Boote,29,Female,Exercise,Running,5:40-PM,20-Mins,3.96297800869364
Cory,30,Genderqueer,Exercise,Play-Badminton,6:00-PM,30-Mins,0.668692782270192
Bella,30,Male,Productivity,Learn-New-Languages,3:00-PM,30-Mins,3.06974570942377
Zolly,19,Non-binary,Productivity,Try-a-New-Recipe,Weekend,2-Hours,3.97355381059765
Sibilla,18,Female,Productivity,Paint-and-Draw,Weekend,2-Hours,3.67480394256885
Ganny,12,Female,Exercise,Core-Training,6:00-PM,40-Mins,3.92487762180249
Bradan,27,Female,Personal-Care,Wash-Your-Hands,All-Day,2-Mins,4.59242551060644
Laverna,23,Agender,Productivity,Read-an-Article,7:30-PM,20-Mins,0.855632772478589
Benson,21,Non-binary,Exercise,Count-Your-Steps,All-Day,30-Mins,3.76915128077482
Dicky,19,Female,Exercise,Play-Badminton,6:00-PM,30-Mins,4.33669366595839
Berke,30,Female,Socialising,Appreciate-Others,All-Day,5-Mins,3.30100159851975
Blayne,14,Male,Mindfulness,Take-a-Cold-Shower,6:30-AM,20-Mins,4.50714122262535
Ilsa,24,Female,Productivity,Try-a-New-Recipe,Weekend,2-Hours,2.29952781414423
Tybi,18,Male,Mindfulness,Meditate,6:00-AM,30-Mins,1.7115836204824
Antoinette,26,Male,Leisure,Dance,6:00-PM,30-Mins,3.70348412010787
Tania,25,Female,Mindfulness,Read-Books,7:00-AM,30-Mins,1.66482792374231
Hillier,18,Male,Personal-Care,Watch-Your-Diet,8:00-PM,10-Mins,1.16914336631785
Gustavus,18,Female,Exercise,Quick-Stretch,5:50-PM,10-Mins,0.308486099630166
Austina,20,Female,Socialising,Call-My-Parents,9:00-PM,10-Mins,0.0522661266535009
Dix,28,Male,Exercise,Stay-Fit-with-Exercises,6:00-PM,40-Mins,3.66701501438165
Hi,17,Female,Exercise,Climb-Those-Stairs,6:00-PM,30-Mins,2.58174532912445
Lavena,28,Female,Organisation,Clean-Up-Emails,8:40-AM,20-Mins,3.22883698481954
Valenka,25,Bigender,Leisure,Go-Climbing,6:00-PM,30-Mins,4.74387509966702
Audre,20,Female,Mindfulness,Play-the-Guitar,7:00-PM,30-Mins,0.371824127567248
Lou,21,Agender,Leisure,Go-Rowing,Weekend,2-Hours,4.20462391372367
Obed,24,Female,Leisure,Play-Golf,6:00-PM,30-Mins,2.40820221893803
Webb,21,Genderfluid,Mindfulness,Get-Good-Sleep,10:30-PM,8-Hours,1.0141499868863
Guntar,23,Female,Exercise,Exercise-Time,6:00-PM,30-Mins,4.05077168170251
Raymond,15,Male,Productivity,Practice-Coding,9:00-AM,2-Hours,0.0762657083438512
Barbe,23,Female,Socialising,Call-My-Parents,9:00-PM,10-Mins,0.371789407098894
Briant,25,Male,Mindfulness,Play-the-Guitar,7:00-PM,30-Mins,1.07751877580091
Claudine,26,Female,Leisure,Play-Golf,6:00-PM,30-Mins,4.40140492689476
Salome,12,Male,Socialising,Call-My-Parents,9:00-PM,10-Mins,4.79991494877458
Wanids,13,Female,Exercise,Cardio-Training,6:00-PM,40-Mins,3.90188862729874
Cate,21,Female,Exercise,Lift-Weight,6:00-PM,30-Mins,3.99303055154025
Tami,18,Female,Productivity,Learn-New-Languages,3:00-PM,30-Mins,3.62244520736706
Crawford,20,Female,Exercise,Running,5:40-PM,20-Mins,4.09077522736109
Elsa,28,Female,Mindfulness,Go-for-a-Walk,6:00-AM,30-Mins,1.96511804650034
Keefer,24,Female,Mindfulness,Meditate,6:00-AM,30-Mins,1.33136730202584
Ashley,12,Female,Exercise,Count-Your-Steps,All-Day,30-Mins,3.49375509465728
Quintana,25,Female,Personal-Care,Take-a-Healthy-Diet,All-Day,30-Mins,3.41377609728599
Harriett,17,Male,Mindfulness,Practice-Yoga,6:00-AM,30-Mins,3.98629118819829
Clay,16,Female,Mindfulness,Take-Power-Naps,All-Day,15-Mins,1.45295684360112
Roarke,14,Female,Personal-Care,Wear-a-Mask,All-Day,---,2.60939870775501
Culver,18,Female,Exercise,Cycling,6:00-AM,30-Mins,0.378880788550495
Marcus,28,Female,Mindfulness,Review-Your-Day,10:00-PM,10-Mins,1.27430075426766
Emlen,20,Female,Exercise,Core-Training,6:00-PM,40-Mins,0.415694131634657
Jermaine,20,Male,Exercise,Running,5:40-PM,20-Mins,0.166387600117053
Winnah,16,Male,Mindfulness,Take-Power-Naps,All-Day,15-Mins,1.76065168119405
Lanae,27,Female,Mindfulness,Play-the-Guitar,7:00-PM,30-Mins,3.01966140284979
Rossy,12,Male,Personal-Care,Eat-Fruits,All-Day,10-Mins,2.20603781611357
Ludovika,28,Genderqueer,Mindfulness,Play-the-Guitar,7:00-PM,30-Mins,2.28170165810548
Rose,20,Female,Personal-Care,Wear-a-Mask,All-Day,---,2.57451300781059
Walt,13,Female,Socialising,Spend-Time-with-Family,8:00-PM,30mins,3.57925386398421
Elsie,25,Female,Exercise,Lift-Weight,6:00-PM,30-Mins,4.25884197833229
Fredra,20,Male,Mindfulness,Practice-Yoga,6:00-AM,30-Mins,4.39802797288391
Isadora,20,Male,Leisure,Play-Golf,6:00-PM,30-Mins,0.793866242590415
Mayer,30,Male,Personal-Care,Drink-Water,All-Day,5-Mins,2.61277121001364
Thaddeus,19,Male,Leisure,Go-Climbing,6:00-PM,30-Mins,2.4706513449031
Rozella,17,Male,Personal-Care,Wear-a-Mask,All-Day,---,0.0746385923407854
Zacharias,29,Female,Exercise,Stay-Fit-with-Exercises,6:00-PM,40-Mins,2.20882010376365
Reade,16,Male,Exercise,Play-Badminton,6:00-PM,30-Mins,3.84301937393051
Nikita,27,Male,Productivity,Learn-New-Languages,3:00-PM,30-Mins,2.71494290506661
Marcelle,13,Male,Personal-Care,Watch-Your-Diet,8:00-PM,10-Mins,0.510319317641214
Averell,21,Male,Personal-Care,Eat-Fruits,All-Day,10-Mins,4.26339463563774
Selby,30,Female,Socialising,Spend-Time-with-Family,8:00-PM,30mins,3.1868398004949
Linn,21,Female,Productivity,Practice-Coding,9:00-AM,2-Hours,3.1411960105689
Lodovico,15,Female,Organization,Set-a-To-do-List,10:00-PM,10-Mins,3.53782214640286
Evyn,22,Agender,Personal-Care,Eat-Fruits,All-Day,10-Mins,3.80968956128937
Cacilia,16,Agender,Organization,Set-a-To-do-List,10:00-PM,10-Mins,0.724738733914562
Morgen,12,Female,Exercise,Climb-Those-Stairs,6:00-PM,30-Mins,3.33019786356179
Floyd,14,Female,Personal-Care,Take-Essential-Vitamins,10:00-PM,5-Mins,0.539368097482089
Worth,20,Female,Personal-Care,Watch-Your-Diet,8:00-PM,10-Mins,0.767881208699502
Redford,22,Female,Mindfulness,Go-for-a-Walk,6:00-AM,30-Mins,0.184955342704437
Englebert,12,Female,Leisure,Go-Rowing,Weekend,2-Hours,1.50058562156756
Efrem,20,Female,Productivity,Read-an-Article,7:30-PM,20-Mins,2.27867400291991
Sayres,24,Female,Exercise,Exercise-Time,6:00-PM,30-Mins,2.89258781500734
Ianthe,17,Female,Personal-Care,Wear-a-Mask,All-Day,---,2.38000636960562
Care,12,Male,Leisure,Go-Fishing,Weekend,2-Hours,1.70056173591553
Marigold,26,Female,Mindfulness,Take-a-Cold-Shower,6:30-AM,20-Mins,2.02168582480286
Papagena,15,Female,Organization,Set-a-To-do-List,10:00-PM,10-Mins,3.10040634908294
Siana,17,Genderfluid,Exercise,Lift-Weight,6:00-PM,30-Mins,1.03216641614915
Humfried,25,Female,Productivity,Try-a-New-Recipe,Weekend,2-Hours,0.248557990360281
Corissa,30,Bigender,Leisure,Jump-Rope,6:00-PM,30-Mins,2.31710784045605
Winny,22,Female,Exercise,Core-Training,6:00-PM,40-Mins,4.97409560099362
Sue,18,Male,Productivity,Read-an-Article,7:30-PM,20-Mins,0.953603914948782
Emylee,13,Female,Leisure,Go-Fishing,Weekend,2-Hours,3.35284332287315
Janot,23,Male,Personal-Care,Take-Essential-Vitamins,10:00-PM,5-Mins,0.243942728857085
Phillip,15,Male,Exercise,Exercise-Time,6:00-PM,30-Mins,4.7630281886659
Arin,30,Non-binary,Personal-Care,Drink-Water,All-Day,5-Mins,0.849955320371018
Martie,28,Male,Leisure,Play-Golf,6:00-PM,30-Mins,0.162193144314221
Ronnie,19,Male,Exercise,Practice-for-Baseball,6:00-PM,30-Mins,0.404341651386472
Boony,17,Female,Mindfulness,Play-the-Guitar,7:00-PM,30-Mins,2.00209571835428
Danielle,16,Male,Exercise,Stay-Fit-with-Exercises,6:00-PM,40-Mins,0.243318822948293
Elayne,22,Male,Exercise,Quick-Stretch,5:50-PM,10-Mins,3.01803123524871
Elliott,27,Female,Personal-Care,Watch-Your-Diet,8:00-PM,10-Mins,1.94214444291854
Dotty,25,Female,Socialising,Call-My-Parents,9:00-PM,10-Mins,2.80637331361383
Barnebas,13,Male,Socialising,Call-My-Parents,9:00-PM,10-Mins,0.707272612787513
Terry,24,Female,Personal-Care,Eat-Fruits,All-Day,10-Mins,0.866623220873679
Clyve,18,Female,Socialising,Call-My-Parents,9:00-PM,10-Mins,0.602717596356661
Mavis,28,Female,Mindfulness,Write-in-Journal,10:00-PM,30-Mins,1.69320086273751
Benedikta,16,Female,Exercise,Running,5:40-PM,20-Mins,3.42587734253664
Trixy,18,Male,Productivity,Paint-and-Draw,Weekend,2-Hours,0.983948752541875
Lynett,14,Female,Exercise,Climb-Those-Stairs,6:00-PM,30-Mins,1.32413883856448
Antonius,21,Male,Socialising,Call-My-Parents,9:00-PM,10-Mins,0.284001660918871
Blaine,22,Non-binary,Exercise,Play-Badminton,6:00-PM,30-Mins,2.10973139152668
Courtnay,27,Male,Leisure,Go-Rowing,Weekend,2-Hours,2.0997896720632
Jean,19,Male,Productivity,Try-a-New-Recipe,Weekend,2-Hours,0.28564545071383
Vic,26,Male,Exercise,Lift-Weight,6:00-PM,30-Mins,2.87881327988469
Bernadine,24,Male,Personal-Care,Take-Essential-Vitamins,10:00-PM,5-Mins,1.03572627343377
Lilas,25,Female,Exercise,Count-Your-Steps,All-Day,30-Mins,1.92449810366112
Donalt,20,Female,Leisure,Jump-Rope,6:00-PM,30-Mins,0.232493850539794
Chandler,21,Female,Leisure,Go-Bowling,6:00-PM,30-Mins,3.03747981934863
Nickolai,28,Female,Exercise,Practice-for-Baseball,6:00-PM,30-Mins,0.904950255755806
Tarra,16,Female,Socialising,Spend-Time-with-Family,8:00-PM,30mins,1.36486254474158
Banky,27,Male,Mindfulness,Practice-Yoga,6:00-AM,30-Mins,4.25529943926042
Jacklyn,12,Genderqueer,Mindfulness,Take-Power-Naps,All-Day,15-Mins,2.09848895063868
Freida,26,Male,Productivity,Paint-and-Draw,Weekend,2-Hours,4.44042785503367
Laurent,16,Polygender,Mindfulness,Take-a-Cold-Shower,6:30-AM,20-Mins,4.81146379095942
Fowler,19,Female,Organization,Set-a-To-do-List,10:00-PM,10-Mins,3.67285133063292
Amanda,22,Female,Personal-Care,Take-a-Healthy-Diet,All-Day,30-Mins,1.91374023300823
Gavrielle,17,Agender,Leisure,Go-Fishing,Weekend,2-Hours,4.5062184549775
Elwood,30,Male,Personal-Care,Take-Essential-Vitamins,10:00-PM,5-Mins,4.90694604269034
Tedman,20,Female,Exercise,Stay-Fit-with-Exercises,6:00-PM,40-Mins,4.01134244016018
Hamid,14,Female,Mindfulness,Get-Good-Sleep,10:30-PM,8-Hours,2.08988245689375
Clair,23,Male,Mindfulness,Take-Power-Naps,All-Day,15-Mins,0.48175415742019
Anabella,28,Male,Leisure,Go-Bowling,6:00-PM,30-Mins,2.79923058113234
Sadie,24,Non-binary,Exercise,Burn-some-Calories,6:00-PM,30-Mins,0.772274003053786
Gena,29,Female,Mindfulness,Spend-Time-with-Yourself,10:00-PM,30-Mins,1.49353308274822
Jayson,29,Female,Exercise,Climb-Those-Stairs,6:00-PM,30-Mins,3.91817955817442
Bethena,13,Non-binary,Mindfulness,Spend-Time-with-Yourself,10:00-PM,30-Mins,3.40310082032612
Dorri,29,Female,Personal-Care,Wear-a-Mask,All-Day,---,3.38736959612944
Idelle,15,Female,Mindfulness,Meditate,6:00-AM,30-Mins,2.37806191964167
Eleanor,27,Female,Exercise,Treadmill-Running,6:00-PM,30-Mins,3.22448923714668
Lilyan,13,Male,Exercise,Running,5:40-PM,20-Mins,0.123827600977835
Rog,24,Genderqueer,Leisure,Go-Bowling,6:00-PM,30-Mins,0.904238443345164
Euell,19,Male,Leisure,Go-Climbing,6:00-PM,30-Mins,2.71415503055943
Giustina,30,Male,Exercise,Exercise-Time,6:00-PM,30-Mins,4.24775340362317
Josee,30,Male,Personal-Care,Take-a-Healthy-Diet,All-Day,30-Mins,0.797930719662317
Mead,30,Male,Personal-Care,Eat-Fruits,All-Day,10-Mins,0.66072257498223
Ricki,25,Male,Productivity,Paint-and-Draw,Weekend,2-Hours,4.80875498059577
Trip,21,Male,Mindfulness,Play-the-Guitar,7:00-PM,30-Mins,4.59302766427902
Travus,19,Female,Exercise,Quick-Stretch,5:50-PM,10-Mins,1.30091372447388
Bev,30,Female,Leisure,Dance,6:00-PM,30-Mins,2.50936129744346
Wain,13,Non-binary,Exercise,Running,5:40-PM,20-Mins,0.550080538638125
Hannie,12,Male,Exercise,Hit-the-Gym,6:00-PM,40-Mins,2.82298218221451
Olivier,22,Male,Exercise,Stay-Fit-with-Exercises,6:00-PM,40-Mins,2.61261336115
Mike,14,Male,Exercise,Core-Training,6:00-PM,40-Mins,3.63839293293065
Viki,17,Non-binary,Mindfulness,Meditate,6:00-AM,30-Mins,3.01019265573849
Alasteir,25,Female,Exercise,Play-Badminton,6:00-PM,30-Mins,0.104709889244764
Lezley,13,Male,Leisure,Go-Bowling,6:00-PM,30-Mins,2.83735768872268
Eal,13,Male,Exercise,Practice-Boxing,6:00-PM,30-Mins,3.3335942840925
Sidnee,23,Male,Mindfulness,Take-a-Cold-Shower,6:30-AM,20-Mins,3.09152089794265
Jasmina,30,Male,Exercise,Lift-Weight,6:00-PM,30-Mins,1.25062793951073
Mikey,15,Male,Personal-Care,Watch-Your-Diet,8:00-PM,10-Mins,4.16836721844735
Myranda,17,Male,Mindfulness,Play-the-Guitar,7:00-PM,30-Mins,3.93444404915562
Reese,16,Male,Leisure,Go-Climbing,6:00-PM,30-Mins,3.02551241230204
Dionne,27,Female,Organisation,Clean-Up-Emails,8:40-AM,20-Mins,1.37975450156549
Ritchie,15,Male,Productivity,Learn-New-Languages,3:00-PM,30-Mins,2.86970875120744
Budd,21,Male,Mindfulness,Read-Books,7:00-AM,30-Mins,3.85179180828431
Dana,25,Female,Exercise,Climb-Those-Stairs,6:00-PM,30-Mins,2.07652857824481
Colman,30,Female,Mindfulness,Meditate,6:00-AM,30-Mins,3.26614406967972
Herrick,24,Male,Mindfulness,Spend-Time-with-Yourself,10:00-PM,30-Mins,3.05718309248126
Haroun,14,Female,Mindfulness,Read-Books,7:00-AM,30-Mins,2.81513044858886
Lamont,28,Male,Organization,Set-a-To-do-List,10:00-PM,10-Mins,1.41800687153703
Annnora,28,Female,Exercise,Treadmill-Running,6:00-PM,30-Mins,0.812147066968115
Arin,28,Female,Exercise,Burn-some-Calories,6:00-PM,30-Mins,4.30584136431536
Salomi,15,Male,Exercise,Exercise-Time,6:00-PM,30-Mins,3.33748764314376
Aubrey,16,Male,Productivity,Read-an-Article,7:30-PM,20-Mins,0.46356341718098
Morten,12,Male,Leisure,Jump-Rope,6:00-PM,30-Mins,4.03935691726263
Casi,22,Female,Mindfulness,Get-Good-Sleep,10:30-PM,8-Hours,0.394227195396514
Fielding,23,Male,Leisure,Go-Rowing,Weekend,2-Hours,0.789465028498109
Jo,15,Female,Exercise,Practice-Boxing,6:00-PM,30-Mins,4.70564703132347
Carlene,26,Female,Socialising,Appreciate-Others,All-Day,5-Mins,1.05200342702878
Fabe,23,Female,Exercise,Stay-Fit-with-Exercises,6:00-PM,40-Mins,3.50539398709774
Marilin,18,Female,Leisure,Go-Fishing,Weekend,2-Hours,4.69391036922609
Daren,20,Female,Exercise,Quick-Stretch,5:50-PM,10-Mins,0.964694304624846
Anjela,19,Male,Exercise,Core-Training,6:00-PM,40-Mins,3.59088773182409
Marcelo,24,Male,Socialising,Spend-Time-with-Family,8:00-PM,30mins,2.12789674441361
Red,26,Male,Personal-Care,Eat-Fruits,All-Day,10-Mins,2.77237276906479
Ikey,20,Female,Personal-Care,Watch-Your-Diet,8:00-PM,10-Mins,3.24197736254812
Millard,27,Female,Leisure,Go-Fishing,Weekend,2-Hours,2.02611397756298
Ara,30,Female,Leisure,Go-Bowling,6:00-PM,30-Mins,2.83367538615298
Madison,19,Female,Personal-Care,Take-a-Healthy-Diet,All-Day,30-Mins,0.344242560945306
Jessi,20,Male,Exercise,Cardio-Training,6:00-PM,40-Mins,4.33548445340879
Molli,16,Female,Productivity,Read-an-Article,7:30-PM,20-Mins,0.641135505344857
Thatch,25,Female,Organisation,Clean-Up-Emails,8:40-AM,20-Mins,4.45103783457596
Chane,24,Female,Exercise,Treadmill-Running,6:00-PM,30-Mins,0.940560029163014
Travers,18,Non-binary,Personal-Care,Eat-Fruits,All-Day,10-Mins,0.00426045304767213
Randall,18,Female,Exercise,Core-Training,6:00-PM,40-Mins,3.25997235996412
Selina,23,Female,Exercise,Practice-for-Baseball,6:00-PM,30-Mins,1.84629459193843
Shem,22,Female,Exercise,Core-Training,6:00-PM,40-Mins,4.38819443479092
Brodie,29,Male,Personal-Care,Eat-Fruits,All-Day,10-Mins,1.59179680903012
Tore,22,Female,Exercise,Cardio-Training,6:00-PM,40-Mins,4.78654202049559
Ruben,28,Female,Exercise,Quick-Stretch,5:50-PM,10-Mins,3.18145247705955
Cherlyn,12,Female,Productivity,Practice-Coding,9:00-AM,2-Hours,3.09383488853163
Sybilla,21,Female,Exercise,Lift-Weight,6:00-PM,30-Mins,1.06320811480492
Dell,28,Male,Exercise,Running,5:40-PM,20-Mins,4.83917866281405
Chaddie,24,Male,Mindfulness,Read-Books,7:00-AM,30-Mins,1.17561980076501
Barny,16,Female,Mindfulness,Take-Power-Naps,All-Day,15-Mins,4.10510273067598
Boris,22,Female,Exercise,Running,5:40-PM,20-Mins,3.91931148693893
Chantalle,24,Female,Personal-Care,Watch-Your-Diet,8:00-PM,10-Mins,3.25333083167875
Essie,17,Female,Leisure,Jump-Rope,6:00-PM,30-Mins,1.25895723599162
Farra,18,Female,Leisure,Go-Climbing,6:00-PM,30-Mins,3.99395735341045
Cris,14,Male,Mindfulness,Spend-Time-with-Yourself,10:00-PM,30-Mins,1.47034328504014
Lisle,18,Female,Mindfulness,Write-in-Journal,10:00-PM,30-Mins,0.721495138746612
Salome,26,Female,Leisure,Play-Golf,6:00-PM,30-Mins,0.961005099536444
Sada,15,Male,Personal-Care,Watch-Your-Diet,8:00-PM,10-Mins,2.13192060401806
Sigfried,13,Male,Mindfulness,Go-for-a-Walk,6:00-AM,30-Mins,4.21241892474757
Ardella,25,Male,Exercise,Quick-Stretch,5:50-PM,10-Mins,0.848561557314723
Maisie,17,Female,Productivity,Read-an-Article,7:30-PM,20-Mins,2.24621198940562
Hetti,17,Female,Exercise,Running,5:40-PM,20-Mins,2.04688657745849
Roi,18,Female,Productivity,Try-a-New-Recipe,Weekend,2-Hours,3.80522862778397
Sammy,25,Male,Exercise,Practice-Boxing,6:00-PM,30-Mins,2.11565171755499
Thibaud,17,Male,Productivity,Read-an-Article,7:30-PM,20-Mins,4.56961964028041
Berkeley,28,Male,Mindfulness,Write-in-Journal,10:00-PM,30-Mins,2.39725292225496
Corbie,22,Male,Exercise,Swimming,6:00-PM,40-Mins,1.27740085418062
Bentlee,21,Female,Exercise,Running,5:40-PM,20-Mins,2.3790672683919
Bartolomeo,29,Male,Personal-Care,Take-a-Healthy-Diet,All-Day,30-Mins,0.402856983775451
Lutero,22,Female,Exercise,Quick-Stretch,5:50-PM,10-Mins,1.88235851979832
Tymon,19,Female,Leisure,Play-Golf,6:00-PM,30-Mins,3.47897717385344
Alene,15,Female,Exercise,Stay-Fit-with-Exercises,6:00-PM,40-Mins,0.438582284014272
Celestia,26,Male,Exercise,Hit-the-Gym,6:00-PM,40-Mins,1.44112173257214
Auberta,18,Genderfluid,Personal-Care,Wash-Your-Hands,All-Day,2-Mins,0.425303711760499
Lainey,17,Male,Personal-Care,Wash-Your-Hands,All-Day,2-Mins,3.47580441626038
Maxy,16,Male,Personal-Care,Watch-Your-Diet,8:00-PM,10-Mins,2.53156631642503
Marj,12,Female,Exercise,Cardio-Training,6:00-PM,40-Mins,3.73910930572157
Erna,26,Male,Productivity,Learn-New-Languages,3:00-PM,30-Mins,4.79203375861313
Brnaby,30,Male,Mindfulness,Take-a-Cold-Shower,6:30-AM,20-Mins,0.676291935970917
Linn,27,Male,Leisure,Go-Bowling,6:00-PM,30-Mins,2.18057842561934
Randal,14,Male,Socialising,Spend-Time-with-Family,8:00-PM,30mins,2.90248922329287
Libbey,28,Male,Mindfulness,Read-Books,7:00-AM,30-Mins,3.35551485410984
Doralynn,14,Female,Exercise,Burn-some-Calories,6:00-PM,30-Mins,2.14260951788733
Morgun,23,Female,Personal-Care,Watch-Your-Diet,8:00-PM,10-Mins,0.558155473473765
Morlee,21,Male,Personal-Care,Wear-a-Mask,All-Day,---,4.02808305840729
Milton,12,Female,Leisure,Go-Fishing,Weekend,2-Hours,1.10956290348089
Rosana,13,Male,Exercise,Play-Badminton,6:00-PM,30-Mins,2.64166776013151
Raynard,17,Female,Leisure,Go-Bowling,6:00-PM,30-Mins,4.79258002084468
Sheelagh,25,Genderqueer,Exercise,Cycling,6:00-AM,30-Mins,3.81751821082921
Celestine,26,Female,Personal-Care,Take-a-Healthy-Diet,All-Day,30-Mins,3.95375070919576
Rafe,20,Male,Exercise,Hit-the-Gym,6:00-PM,40-Mins,3.0434454251862
Helen-elizabeth,20,Female,Mindfulness,Practice-Yoga,6:00-AM,30-Mins,2.05028512123097
Ginelle,18,Male,Exercise,Exercise-Time,6:00-PM,30-Mins,3.25359231476847
Randolf,26,Female,Exercise,Exercise-Time,6:00-PM,30-Mins,4.70228510706954
Felipa,16,Female,Mindfulness,Meditate,6:00-AM,30-Mins,3.17826566977243
Sabine,12,Female,Exercise,Core-Training,6:00-PM,40-Mins,3.52985378329212
Heddi,29,Female,Leisure,Dance,6:00-PM,30-Mins,0.800657492803369
Electra,18,Male,Mindfulness,Read-Books,7:00-AM,30-Mins,4.40329341457317
Lanita,14,Female,Personal-Care,Drink-Water,All-Day,5-Mins,0.662135797155703
Ted,14,Female,Exercise,Treadmill-Running,6:00-PM,30-Mins,0.654742218233345
Anissa,29,Female,Exercise,Stay-Fit-with-Exercises,6:00-PM,40-Mins,2.7786991288724
Selinda,19,Female,Exercise,Exercise-Time,6:00-PM,30-Mins,3.77195047062161
Avrom,23,Female,Mindfulness,Play-the-Guitar,7:00-PM,30-Mins,1.94090349857845
Vaughn,16,Female,Exercise,Burn-some-Calories,6:00-PM,30-Mins,0.436603855193485
Aggi,15,Female,Exercise,Climb-Those-Stairs,6:00-PM,30-Mins,4.99941137813703
Osborn,27,Male,Productivity,Paint-and-Draw,Weekend,2-Hours,1.36399382447551
Pablo,18,Female,Exercise,Quick-Stretch,5:50-PM,10-Mins,3.81026105032076
Jorry,28,Female,Leisure,Go-Climbing,6:00-PM,30-Mins,1.50550743566783
Dennis,26,Female,Organization,Set-a-To-do-List,10:00-PM,10-Mins,0.168947165294091
Nikita,23,Polygender,Mindfulness,Get-Good-Sleep,10:30-PM,8-Hours,4.52730998519085
Sela,26,Male,Personal-Care,Take-Essential-Vitamins,10:00-PM,5-Mins,0.883285936903161
Griz,17,Female,Exercise,Play-Badminton,6:00-PM,30-Mins,4.76724989543313
Ellissa,12,Male,Leisure,Go-Fishing,Weekend,2-Hours,2.51436058255738
Maison,22,Female,Exercise,Exercise-Time,6:00-PM,30-Mins,2.41150584835993
Seth,19,Female,Personal-Care,Wash-Your-Hands,All-Day,2-Mins,4.39832735212743
Gerri,23,Male,Exercise,Treadmill-Running,6:00-PM,30-Mins,1.38518390494751
Nathalia,20,Genderfluid,Exercise,Cycling,6:00-AM,30-Mins,3.46527615518661
Travis,25,Male,Exercise,Running,5:40-PM,20-Mins,1.73982764313422
Howie,16,Male,Personal-Care,Wash-Your-Hands,All-Day,2-Mins,1.87934291623888
Talya,14,Male,Personal-Care,Wash-Your-Hands,All-Day,2-Mins,4.84301739816174
Burke,20,Male,Exercise,Treadmill-Running,6:00-PM,30-Mins,4.65860967632055
Estevan,12,Female,Personal-Care,Take-a-Healthy-Diet,All-Day,30-Mins,3.19144773746402
Mathe,23,Male,Exercise,Practice-for-Baseball,6:00-PM,30-Mins,1.40422759391813
Issiah,28,Female,Exercise,Running,5:40-PM,20-Mins,2.94141203986335
Hanni,20,Male,Leisure,Play-Golf,6:00-PM,30-Mins,4.93966353617605
Adriano,12,Female,Mindfulness,Take-a-Cold-Shower,6:30-AM,20-Mins,0.75584435854242
Katuscha,17,Polygender,Exercise,Quick-Stretch,5:50-PM,10-Mins,4.8633706642763
Barnett,25,Female,Exercise,Cardio-Training,6:00-PM,40-Mins,3.49162081154423
Cleopatra,24,Male,Mindfulness,Get-Good-Sleep,10:30-PM,8-Hours,0.548287900343739
North,18,Male,Personal-Care,Take-Essential-Vitamins,10:00-PM,5-Mins,4.27078840360705
Marthe,28,Non-binary,Exercise,Cardio-Training,6:00-PM,40-Mins,1.04827536781775
Niko,27,Female,Personal-Care,Eat-Fruits,All-Day,10-Mins,0.873299435694007
Drew,21,Female,Exercise,Count-Your-Steps,All-Day,30-Mins,0.430258634175567
Brooke,13,Female,Leisure,Jump-Rope,6:00-PM,30-Mins,3.49032882635989
Benedetta,26,Female,Productivity,Learn-New-Languages,3:00-PM,30-Mins,0.0820552703545201
Gwendolen,21,Male,Personal-Care,Take-a-Healthy-Diet,All-Day,30-Mins,0.977725759902218
Gaspard,24,Male,Mindfulness,Take-Power-Naps,All-Day,15-Mins,0.501736877797723
Laird,17,Female,Exercise,Practice-Boxing,6:00-PM,30-Mins,4.83294784410252
Brock,19,Female,Mindfulness,Get-Good-Sleep,10:30-PM,8-Hours,2.06038135758168
Alameda,18,Male,Personal-Care,Take-Essential-Vitamins,10:00-PM,5-Mins,4.55195976938428
Laverne,16,Female,Exercise,Exercise-Time,6:00-PM,30-Mins,3.07726694507008
Bonnee,14,Non-binary,Leisure,Go-Fishing,Weekend,2-Hours,0.467693065219537
Coleman,19,Female,Exercise,Exercise-Time,6:00-PM,30-Mins,4.17283405227894
Odilia,29,Genderqueer,Mindfulness,Play-the-Guitar,7:00-PM,30-Mins,1.14833358891819
Marline,13,Female,Productivity,Try-a-New-Recipe,Weekend,2-Hours,1.19217259242132
Constantine,13,Female,Productivity,Try-a-New-Recipe,Weekend,2-Hours,0.184041206506238
Joni,14,Female,Leisure,Dance,6:00-PM,30-Mins,0.395665036143037
Taddeusz,13,Female,Exercise,Play-Badminton,6:00-PM,30-Mins,4.16204046595124
Catrina,21,Agender,Personal-Care,Watch-Your-Diet,8:00-PM,10-Mins,1.58250976602455
Lorette,14,Female,Personal-Care,Watch-Your-Diet,8:00-PM,10-Mins,3.8729690348086
Shandra,22,Male,Exercise,Practice-for-Baseball,6:00-PM,30-Mins,4.710331431212
Tailor,19,Male,Leisure,Jump-Rope,6:00-PM,30-Mins,4.52381457196969
Humberto,26,Male,Personal-Care,Take-Essential-Vitamins,10:00-PM,5-Mins,2.0599384834217
Caye,29,Female,Mindfulness,Spend-Time-with-Yourself,10:00-PM,30-Mins,4.86256342217964
Philip,14,Male,Mindfulness,Take-a-Cold-Shower,6:30-AM,20-Mins,2.26247028824706
Helen-elizabeth,27,Polygender,Mindfulness,Meditate,6:00-AM,30-Mins,3.58223902689884
Myranda,23,Female,Mindfulness,Meditate,6:00-AM,30-Mins,4.94568889910873
Jaclin,12,Non-binary,Exercise,Practice-Boxing,6:00-PM,30-Mins,0.923789220545902
Delphine,21,Female,Leisure,Go-Bowling,6:00-PM,30-Mins,4.46064672354744
Bevin,15,Female,Mindfulness,Review-Your-Day,10:00-PM,10-Mins,3.85035000782967
Ernestine,24,Male,Exercise,Practice-Boxing,6:00-PM,30-Mins,3.08811516860821
Kain,22,Male,Exercise,Hit-the-Gym,6:00-PM,40-Mins,4.37062198879609
Kerianne,14,Male,Productivity,Try-a-New-Recipe,Weekend,2-Hours,1.83953467954008
Joanne,18,Female,Exercise,Cycling,6:00-AM,30-Mins,1.05677971518306
Ruthe,12,Male,Personal-Care,Watch-Your-Diet,8:00-PM,10-Mins,1.40435588412337
Nicky,21,Female,Socialising,Spend-Time-with-Family,8:00-PM,30mins,2.68190647070238
Winifred,29,Male,Leisure,Jump-Rope,6:00-PM,30-Mins,0.834478024900426
Ichabod,22,Male,Leisure,Go-Climbing,6:00-PM,30-Mins,3.30603463407173
Adams,17,Female,Personal-Care,Take-a-Healthy-Diet,All-Day,30-Mins,1.19900907687364
Freddi,20,Female,Mindfulness,Spend-Time-with-Yourself,10:00-PM,30-Mins,3.85925373406623
Constantina,27,Female,Exercise,Stay-Fit-with-Exercises,6:00-PM,40-Mins,2.50456583498986
Feodor,23,Female,Exercise,Stay-Fit-with-Exercises,6:00-PM,40-Mins,4.29203972825638
Glynis,16,Male,Productivity,Read-an-Article,7:30-PM,20-Mins,4.36156767203668
Zackariah,18,Male,Personal-Care,Watch-Your-Diet,8:00-PM,10-Mins,4.5891761389461
Trenna,30,Female,Personal-Care,Eat-Fruits,All-Day,10-Mins,1.58788630556341
Marybelle,28,Male,Socialising,Spend-Time-with-Family,8:00-PM,30mins,3.97589876841508
Rhianon,26,Male,Organization,Set-a-To-do-List,10:00-PM,10-Mins,0.996300260730506
Reider,24,Male,Leisure,Go-Bowling,6:00-PM,30-Mins,2.9890316939905
Curtis,19,Female,Exercise,Count-Your-Steps,All-Day,30-Mins,3.28180724926743
Cornelia,28,Female,Personal-Care,Take-a-Healthy-Diet,All-Day,30-Mins,1.34230024444468
Kassia,30,Male,Exercise,Count-Your-Steps,All-Day,30-Mins,4.93979261147537
Brnaba,27,Female,Personal-Care,Take-a-Healthy-Diet,All-Day,30-Mins,1.51037758740084
Alden,15,Male,Productivity,Paint-and-Draw,Weekend,2-Hours,2.8111422052602
Reynard,18,Female,Leisure,Go-Climbing,6:00-PM,30-Mins,4.65323323446917
Cari,15,Female,Socialising,Spend-Time-with-Family,8:00-PM,30mins,3.24535671807824
Aggi,22,Male,Personal-Care,Take-Essential-Vitamins,10:00-PM,5-Mins,2.01606086354809
Peyter,21,Male,Personal-Care,Wear-a-Mask,All-Day,---,2.89478504886896
Carmela,19,Male,Personal-Care,Wash-Your-Hands,All-Day,2-Mins,1.25855881177451
Corine,23,Male,Leisure,Dance,6:00-PM,30-Mins,1.07660243088127
Verile,22,Male,Socialising,Appreciate-Others,All-Day,5-Mins,4.14990489437302
Kingsly,14,Male,Mindfulness,Write-in-Journal,10:00-PM,30-Mins,1.95767938962322
Hewitt,20,Male,Leisure,Go-Rowing,Weekend,2-Hours,2.73771611820138
Philis,15,Male,Leisure,Go-Fishing,Weekend,2-Hours,3.24397487053885
Claudelle,18,Female,Socialising,Appreciate-Others,All-Day,5-Mins,1.04955962337802
Alexina,14,Female,Mindfulness,Practice-Yoga,6:00-AM,30-Mins,3.46032972386955
Lise,15,Male,Socialising,Call-My-Parents,9:00-PM,10-Mins,2.51211790635541
Luigi,29,Female,Exercise,Exercise-Time,6:00-PM,30-Mins,1.17979422193259
Arv,28,Male,Personal-Care,Eat-Fruits,All-Day,10-Mins,3.20945066380433
Nap,16,Polygender,Personal-Care,Eat-Fruits,All-Day,10-Mins,2.06046829040596
Ginnie,22,Male,Personal-Care,Take-Essential-Vitamins,10:00-PM,5-Mins,0.140787634050064
Elvis,19,Female,Mindfulness,Read-Books,7:00-AM,30-Mins,2.40523950752051
Westbrook,26,Male,Exercise,Cardio-Training,6:00-PM,40-Mins,4.59174752371268
Salome,18,Male,Mindfulness,Play-the-Guitar,7:00-PM,30-Mins,1.96815383314361
Orelee,20,Female,Leisure,Go-Rowing,Weekend,2-Hours,0.280604036917055
Doralia,24,Female,Personal-Care,Wash-Your-Hands,All-Day,2-Mins,0.60419561662145
Marijn,29,Male,Productivity,Practice-Coding,9:00-AM,2-Hours,1.90346304755513
Brandise,15,Female,Exercise,Core-Training,6:00-PM,40-Mins,2.38041696205357
Trenna,25,Female,Exercise,Exercise-Time,6:00-PM,30-Mins,1.08598039912611
Mort,24,Female,Mindfulness,Practice-Yoga,6:00-AM,30-Mins,3.04229508072551
Brear,14,Male,Mindfulness,Review-Your-Day,10:00-PM,10-Mins,1.39507018930107
Reuben,30,Agender,Exercise,Swimming,6:00-PM,40-Mins,4.12330885008414
Donny,29,Female,Personal-Care,Take-Essential-Vitamins,10:00-PM,5-Mins,4.72209865643159
Elaina,19,Male,Productivity,Learn-New-Languages,3:00-PM,30-Mins,2.19912730826596
Jackqueline,28,Genderqueer,Exercise,Exercise-Time,6:00-PM,30-Mins,2.00738088986801
Rees,21,Female,Personal-Care,Eat-Fruits,All-Day,10-Mins,1.6105532029103
Cleo,26,Female,Mindfulness,Take-a-Cold-Shower,6:30-AM,20-Mins,1.67906490542744
Renato,14,Female,Exercise,Play-Badminton,6:00-PM,30-Mins,3.0021336991167
Ardys,28,Female,Exercise,Core-Training,6:00-PM,40-Mins,0.232203293883116
Lolly,14,Agender,Personal-Care,Take-Essential-Vitamins,10:00-PM,5-Mins,3.96903374511327
Carilyn,21,Male,Organisation,Clean-Up-Emails,8:40-AM,20-Mins,4.62982059638467
Abagail,13,Female,Productivity,Read-an-Article,7:30-PM,20-Mins,0.364559413209554
Eileen,26,Male,Exercise,Practice-Boxing,6:00-PM,30-Mins,2.51892512588935
Everard,23,Male,Personal-Care,Watch-Your-Diet,8:00-PM,10-Mins,2.20256819640585
Hendrick,23,Female,Exercise,Play-Badminton,6:00-PM,30-Mins,3.37568105431803
Josephine,15,Female,Exercise,Core-Training,6:00-PM,40-Mins,4.16619695858386
Fonsie,23,Female,Exercise,Climb-Those-Stairs,6:00-PM,30-Mins,3.23070244257963
Bjorn,14,Female,Exercise,Cardio-Training,6:00-PM,40-Mins,3.10300858881705
Francklyn,27,Male,Mindfulness,Play-the-Guitar,7:00-PM,30-Mins,0.324653089965199
Gregorius,29,Female,Exercise,Stay-Fit-with-Exercises,6:00-PM,40-Mins,1.64481801587436
Durante,27,Polygender,Productivity,Try-a-New-Recipe,Weekend,2-Hours,0.630836262789726
Lazarus,17,Male,Mindfulness,Read-Books,7:00-AM,30-Mins,0.934124947989781
Maurie,19,Male,Mindfulness,Play-the-Guitar,7:00-PM,30-Mins,3.76114876629311
Ysabel,29,Female,Mindfulness,Meditate,6:00-AM,30-Mins,1.4131691321718
Derril,14,Male,Productivity,Try-a-New-Recipe,Weekend,2-Hours,1.88119518308412
Roddy,22,Male,Exercise,Hit-the-Gym,6:00-PM,40-Mins,2.1833769203863
Mira,21,Male,Exercise,Practice-Boxing,6:00-PM,30-Mins,4.35639514245514
Dionne,12,Male,Productivity,Practice-Coding,9:00-AM,2-Hours,3.40427020653137
Roxine,19,Female,Exercise,Core-Training,6:00-PM,40-Mins,3.62915571982315
Bogart,29,Polygender,Exercise,Practice-for-Baseball,6:00-PM,30-Mins,4.31014549181809
Bobbette,15,Female,Mindfulness,Go-for-a-Walk,6:00-AM,30-Mins,3.33703599638313
Karolina,21,Bigender,Exercise,Hit-the-Gym,6:00-PM,40-Mins,3.61000640427243
Camey,27,Male,Exercise,Treadmill-Running,6:00-PM,30-Mins,1.16277817319363
Lynna,25,Female,Personal-Care,Take-a-Healthy-Diet,All-Day,30-Mins,1.52068423060504
Kellby,30,Male,Organization,Set-a-To-do-List,10:00-PM,10-Mins,2.40689867070228
Barris,20,Female,Mindfulness,Spend-Time-with-Yourself,10:00-PM,30-Mins,4.87548249347306
Maryrose,13,Female,Mindfulness,Practice-Yoga,6:00-AM,30-Mins,1.49334845035364
Dur,20,Female,Organization,Set-a-To-do-List,10:00-PM,10-Mins,0.524753740488598
Millie,26,Female,Mindfulness,Go-for-a-Walk,6:00-AM,30-Mins,3.41333277111537
Bernardo,28,Genderfluid,Productivity,Read-an-Article,7:30-PM,20-Mins,0.34255669508612
Tanitansy,20,Female,Productivity,Practice-Coding,9:00-AM,2-Hours,0.155532369273915
Hakim,23,Female,Exercise,Play-Badminton,6:00-PM,30-Mins,3.13519324101506
Brion,26,Male,Personal-Care,Drink-Water,All-Day,5-Mins,2.25693004067504
Kassi,18,Female,Exercise,Swimming,6:00-PM,40-Mins,3.13249068057365
Herve,28,Genderqueer,Exercise,Play-Badminton,6:00-PM,30-Mins,4.12475288140149
Bucky,16,Male,Personal-Care,Drink-Water,All-Day,5-Mins,1.69471863325012
Elmira,13,Female,Personal-Care,Take-Essential-Vitamins,10:00-PM,5-Mins,0.446398924441457
Vance,28,Male,Organisation,Clean-Up-Emails,8:40-AM,20-Mins,0.153116482852732
Merrily,20,Male,Personal-Care,Drink-Water,All-Day,5-Mins,0.378173091572789
Halley,26,Male,Productivity,Practice-Coding,9:00-AM,2-Hours,4.90318516919403
Britt,20,Male,Socialising,Appreciate-Others,All-Day,5-Mins,4.87108269288059
Valaria,14,Female,Personal-Care,Drink-Water,All-Day,5-Mins,4.52822181467586
Terrill,25,Male,Mindfulness,Take-a-Cold-Shower,6:30-AM,20-Mins,1.01523530614819
Madonna,18,Female,Mindfulness,Spend-Time-with-Yourself,10:00-PM,30-Mins,4.23028726914256
Ansell,18,Female,Leisure,Go-Climbing,6:00-PM,30-Mins,0.999071994375559
Boony,22,Genderfluid,Mindfulness,Spend-Time-with-Yourself,10:00-PM,30-Mins,4.02412914655533
Haslett,20,Male,Productivity,Paint-and-Draw,Weekend,2-Hours,0.632196598323391
Tabatha,14,Female,Leisure,Go-Bowling,6:00-PM,30-Mins,2.87413677924009
Kiri,12,Female,Socialising,Appreciate-Others,All-Day,5-Mins,2.93833828838487
Ansley,22,Female,Exercise,Stay-Fit-with-Exercises,6:00-PM,40-Mins,0.247896709882693
Osmund,27,Male,Personal-Care,Wash-Your-Hands,All-Day,2-Mins,3.40983021105899
Alano,27,Male,Leisure,Go-Climbing,6:00-PM,30-Mins,2.55492678885369
Hermann,29,Male,Personal-Care,Watch-Your-Diet,8:00-PM,10-Mins,4.83212622499127
Bil,28,Female,Exercise,Hit-the-Gym,6:00-PM,40-Mins,2.09320992815038
Tull,15,Male,Productivity,Practice-Coding,9:00-AM,2-Hours,4.43498656410343
Ricki,12,Female,Mindfulness,Spend-Time-with-Yourself,10:00-PM,30-Mins,2.50982008298605
Zondra,17,Female,Leisure,Jump-Rope,6:00-PM,30-Mins,4.78418808623682
Madonna,16,Male,Mindfulness,Take-a-Cold-Shower,6:30-AM,20-Mins,1.0200277779911
Iorgos,15,Female,Leisure,Jump-Rope,6:00-PM,30-Mins,3.56129108815898
Dael,13,Female,Mindfulness,Meditate,6:00-AM,30-Mins,2.55722495108383
Biron,29,Male,Exercise,Core-Training,6:00-PM,40-Mins,0.123267366774961
Con,23,Bigender,Exercise,Practice-Boxing,6:00-PM,30-Mins,3.25546468106469
Sandra,25,Male,Productivity,Learn-New-Languages,3:00-PM,30-Mins,0.912461454206081
Alfie,14,Female,Mindfulness,Read-Books,7:00-AM,30-Mins,1.13427243044499
Christine,20,Male,Personal-Care,Take-a-Healthy-Diet,All-Day,30-Mins,4.67694034648184
Edi,25,Male,Personal-Care,Take-Essential-Vitamins,10:00-PM,5-Mins,3.205556338102
Caz,12,Male,Exercise,Exercise-Time,6:00-PM,30-Mins,2.2571304088574
Gaby,26,Male,Mindfulness,Read-Books,7:00-AM,30-Mins,1.82883714011325
Cale,16,Female,Socialising,Appreciate-Others,All-Day,5-Mins,1.88960921098821
Jaquith,21,Genderfluid,Mindfulness,Take-Power-Naps,All-Day,15-Mins,3.69099922623791
Inge,12,Male,Exercise,Climb-Those-Stairs,6:00-PM,30-Mins,1.4093179916461
Vernen,24,Male,Exercise,Hit-the-Gym,6:00-PM,40-Mins,4.42770230984193
Reagen,25,Male,Socialising,Appreciate-Others,All-Day,5-Mins,3.05665538954263
Arther,28,Female,Leisure,Jump-Rope,6:00-PM,30-Mins,4.85766543343155
Binnie,13,Male,Exercise,Climb-Those-Stairs,6:00-PM,30-Mins,3.40009416116881
Mycah,15,Female,Exercise,Exercise-Time,6:00-PM,30-Mins,1.96436894995954
Derk,17,Female,Exercise,Swimming,6:00-PM,40-Mins,3.19370977216208
Estelle,18,Female,Exercise,Lift-Weight,6:00-PM,30-Mins,2.72750417587798
Melli,26,Female,Mindfulness,Play-the-Guitar,7:00-PM,30-Mins,3.06335786042425
Far,12,Non-binary,Exercise,Exercise-Time,6:00-PM,30-Mins,1.94655298178244
Michelina,15,Male,Exercise,Stay-Fit-with-Exercises,6:00-PM,40-Mins,2.37611042349135
Flemming,20,Male,Mindfulness,Review-Your-Day,10:00-PM,10-Mins,1.12621534819666
Werner,13,Male,Exercise,Stay-Fit-with-Exercises,6:00-PM,40-Mins,1.32539628889607
Harold,15,Male,Mindfulness,Take-a-Cold-Shower,6:30-AM,20-Mins,0.911649873602965
Norean,20,Female,Exercise,Practice-for-Baseball,6:00-PM,30-Mins,1.79268914807177
Timoteo,23,Male,Personal-Care,Eat-Fruits,All-Day,10-Mins,0.558516999773947
Julianne,20,Male,Mindfulness,Get-Good-Sleep,10:30-PM,8-Hours,3.10823145071262
Hy,26,Male,Mindfulness,Take-Power-Naps,All-Day,15-Mins,2.26781025045308
Lauralee,24,Male,Exercise,Running,5:40-PM,20-Mins,1.00269605865974
Mariana,23,Female,Exercise,Exercise-Time,6:00-PM,30-Mins,4.32273854205608
Duncan,12,Female,Leisure,Go-Climbing,6:00-PM,30-Mins,1.9959411472177
Garrick,18,Female,Personal-Care,Wear-a-Mask,All-Day,---,2.69292967914438
Trace,29,Male,Leisure,Go-Fishing,Weekend,2-Hours,2.37807222797834
Boniface,14,Male,Mindfulness,Take-Power-Naps,All-Day,15-Mins,2.31163571999558
Nara,13,Female,Mindfulness,Read-Books,7:00-AM,30-Mins,4.42599697362057
Arv,18,Female,Personal-Care,Watch-Your-Diet,8:00-PM,10-Mins,3.14461717994061
Loraine,14,Female,Personal-Care,Drink-Water,All-Day,5-Mins,4.41628333524544
Cacilia,30,Genderqueer,Leisure,Play-Golf,6:00-PM,30-Mins,3.73432423758897
Tracy,18,Male,Productivity,Practice-Coding,9:00-AM,2-Hours,2.84607821888323
Hebert,29,Female,Organisation,Clean-Up-Emails,8:40-AM,20-Mins,3.63283239850077
Jereme,13,Male,Socialising,Spend-Time-with-Family,8:00-PM,30mins,1.27323391769796
Aldous,28,Female,Leisure,Go-Rowing,Weekend,2-Hours,3.9295876465539
Lucien,15,Female,Mindfulness,Write-in-Journal,10:00-PM,30-Mins,0.986848019158672
Christie,24,Male,Mindfulness,Take-a-Cold-Shower,6:30-AM,20-Mins,4.8233869395951
Giles,14,Female,Leisure,Go-Rowing,Weekend,2-Hours,4.70148144614352
Mohammed,14,Male,Socialising,Spend-Time-with-Family,8:00-PM,30mins,1.71342764502312
Gretta,21,Male,Exercise,Hit-the-Gym,6:00-PM,40-Mins,1.28545503469613
Nikola,26,Male,Socialising,Call-My-Parents,9:00-PM,10-Mins,0.363545757928109
Silva,17,Female,Personal-Care,Take-a-Healthy-Diet,All-Day,30-Mins,1.43305968532324
Saunder,26,Female,Organisation,Clean-Up-Emails,8:40-AM,20-Mins,2.93324100322726
Bridgette,30,Genderqueer,Exercise,Play-Badminton,6:00-PM,30-Mins,3.29336195225739
Cecelia,16,Male,Socialising,Call-My-Parents,9:00-PM,10-Mins,0.495595238938733
Natassia,21,Female,Leisure,Dance,6:00-PM,30-Mins,1.95031928284403
Oates,18,Female,Mindfulness,Get-Good-Sleep,10:30-PM,8-Hours,1.05191365902685
Brittaney,29,Male,Exercise,Climb-Those-Stairs,6:00-PM,30-Mins,2.55906582566845
Wilburt,28,Male,Exercise,Stay-Fit-with-Exercises,6:00-PM,40-Mins,2.21569108925729
Gustave,24,Male,Leisure,Go-Fishing,Weekend,2-Hours,2.00044035637197
Edee,18,Female,Mindfulness,Spend-Time-with-Yourself,10:00-PM,30-Mins,1.6322310139513
Marabel,19,Female,Exercise,Hit-the-Gym,6:00-PM,40-Mins,3.50592285260868
Rae,20,Male,Exercise,Burn-some-Calories,6:00-PM,30-Mins,4.78215410493112
Margalit,28,Male,Mindfulness,Take-a-Cold-Shower,6:30-AM,20-Mins,2.5203527621771
Stoddard,17,Female,Personal-Care,Take-a-Healthy-Diet,All-Day,30-Mins,0.155981167329192
Alysia,16,Male,Leisure,Go-Rowing,Weekend,2-Hours,4.0391575763381
Daniel,23,Female,Mindfulness,Play-the-Guitar,7:00-PM,30-Mins,3.02515120373734
Upton,21,Male,Personal-Care,Wear-a-Mask,All-Day,---,2.62184673389803
Elnore,30,Male,Mindfulness,Get-Good-Sleep,10:30-PM,8-Hours,0.240725451527578
Dulcea,20,Female,Leisure,Go-Climbing,6:00-PM,30-Mins,1.25455053692158
Mollee,30,Female,Mindfulness,Meditate,6:00-AM,30-Mins,3.02133318948202
Ely,24,Male,Exercise,Cardio-Training,6:00-PM,40-Mins,1.52045187387974
Augy,18,Female,Exercise,Burn-some-Calories,6:00-PM,30-Mins,4.75916191229797
Janenna,13,Female,Exercise,Core-Training,6:00-PM,40-Mins,3.50562539724284
Nixie,26,Female,Mindfulness,Go-for-a-Walk,6:00-AM,30-Mins,1.22708866056737
Charlean,25,Genderqueer,Productivity,Try-a-New-Recipe,Weekend,2-Hours,0.214559441354567
Sabina,22,Male,Exercise,Climb-Those-Stairs,6:00-PM,30-Mins,4.53261256243463
Kris,20,Genderfluid,Mindfulness,Take-Power-Naps,All-Day,15-Mins,1.83113677626647
Karalee,15,Female,Organization,Set-a-To-do-List,10:00-PM,10-Mins,0.729104349539288
Valentino,12,Female,Exercise,Cardio-Training,6:00-PM,40-Mins,2.0478905563184
Jonathon,28,Agender,Exercise,Hit-the-Gym,6:00-PM,40-Mins,3.136073311399
Constantin,22,Male,Mindfulness,Read-Books,7:00-AM,30-Mins,4.13840948122768
Louisa,30,Genderfluid,Organisation,Clean-Up-Emails,8:40-AM,20-Mins,1.14662278080774
Quentin,14,Male,Mindfulness,Take-a-Cold-Shower,6:30-AM,20-Mins,0.861925279852852
Seana,17,Female,Leisure,Go-Bowling,6:00-PM,30-Mins,2.06804998219835
Danyette,25,Female,Personal-Care,Watch-Your-Diet,8:00-PM,10-Mins,0.442818243165811
Krishna,26,Female,Leisure,Go-Climbing,6:00-PM,30-Mins,0.964340909054066
Leonelle,12,Non-binary,Exercise,Cycling,6:00-AM,30-Mins,4.65005068921343
Robinson,12,Female,Personal-Care,Drink-Water,All-Day,5-Mins,3.37826204056253
Ailsun,20,Female,Exercise,Play-Badminton,6:00-PM,30-Mins,4.24301149269004
Ramonda,27,Female,Socialising,Call-My-Parents,9:00-PM,10-Mins,1.20260746230303
Kitty,23,Female,Leisure,Play-Golf,6:00-PM,30-Mins,3.48946874633717
Herculie,26,Female,Productivity,Learn-New-Languages,3:00-PM,30-Mins,4.46958883501379
Gussi,22,Male,Mindfulness,Review-Your-Day,10:00-PM,10-Mins,0.974265831978755
Jacklin,28,Female,Leisure,Play-Golf,6:00-PM,30-Mins,4.4814622958384
Renelle,26,Male,Exercise,Burn-some-Calories,6:00-PM,30-Mins,2.79856819615558
Alasteir,24,Female,Exercise,Cardio-Training,6:00-PM,40-Mins,2.29278210263422
Dianemarie,13,Female,Personal-Care,Drink-Water,All-Day,5-Mins,2.5482409232615
Ebenezer,18,Female,Exercise,Exercise-Time,6:00-PM,30-Mins,1.13587494993055
Quincey,19,Male,Mindfulness,Go-for-a-Walk,6:00-AM,30-Mins,3.17696084808003
Dorrie,29,Male,Productivity,Learn-New-Languages,3:00-PM,30-Mins,4.93141485771258
Saw,29,Male,Productivity,Try-a-New-Recipe,Weekend,2-Hours,3.62216116336702
Theo,30,Male,Personal-Care,Take-a-Healthy-Diet,All-Day,30-Mins,3.88543785836426
Keith,22,Female,Exercise,Burn-some-Calories,6:00-PM,30-Mins,1.03142162803001
Ruthann,16,Female,Exercise,Running,5:40-PM,20-Mins,0.608110786062325
Nicolis,22,Female,Exercise,Play-Badminton,6:00-PM,30-Mins,1.01918916868816
Judon,17,Genderqueer,Exercise,Swimming,6:00-PM,40-Mins,3.36260598321102
Clio,12,Male,Exercise,Play-Badminton,6:00-PM,30-Mins,3.99177676736624
Amalle,28,Male,Socialising,Call-My-Parents,9:00-PM,10-Mins,0.204023489682032
Claiborn,28,Female,Productivity,Read-an-Article,7:30-PM,20-Mins,3.44833927151713
Wiatt,15,Male,Exercise,Cycling,6:00-AM,30-Mins,4.17104828812676
Randal,18,Male,Mindfulness,Go-for-a-Walk,6:00-AM,30-Mins,0.704988886888919
Sandy,18,Male,Mindfulness,Go-for-a-Walk,6:00-AM,30-Mins,3.37741995231187
Sarette,24,Female,Leisure,Play-Golf,6:00-PM,30-Mins,3.91316281183745
Rivkah,22,Male,Personal-Care,Take-Essential-Vitamins,10:00-PM,5-Mins,0.752435887679038
Korella,27,Male,Productivity,Learn-New-Languages,3:00-PM,30-Mins,1.00710465075781
Norman,17,Male,Exercise,Stay-Fit-with-Exercises,6:00-PM,40-Mins,0.00133836951827045
Cchaddie,22,Male,Productivity,Paint-and-Draw,Weekend,2-Hours,0.360168652793506
Denyse,27,Male,Socialising,Appreciate-Others,All-Day,5-Mins,4.49193037476225
Sallie,12,Female,Personal-Care,Wear-a-Mask,All-Day,---,3.00972967904022
Erwin,27,Female,Exercise,Core-Training,6:00-PM,40-Mins,3.74832139328461
Alfi,16,Female,Exercise,Stay-Fit-with-Exercises,6:00-PM,40-Mins,1.78268286529767
Coreen,27,Agender,Personal-Care,Take-a-Healthy-Diet,All-Day,30-Mins,1.77605517593544
Cassie,21,Female,Organization,Set-a-To-do-List,10:00-PM,10-Mins,3.02412745349006
Peter,17,Female,Exercise,Count-Your-Steps,All-Day,30-Mins,3.15737831389937
Jewelle,16,Female,Personal-Care,Watch-Your-Diet,8:00-PM,10-Mins,3.43365478823992
Alard,24,Female,Personal-Care,Wear-a-Mask,All-Day,---,2.31293011067701
Bogey,30,Female,Productivity,Try-a-New-Recipe,Weekend,2-Hours,0.795626108721312
Llewellyn,24,Male,Exercise,Treadmill-Running,6:00-PM,30-Mins,4.24335024486995
Adam,23,Male,Productivity,Learn-New-Languages,3:00-PM,30-Mins,1.24698450942209
Muffin,15,Male,Productivity,Practice-Coding,9:00-AM,2-Hours,3.84760071254706
Trace,19,Male,Personal-Care,Take-Essential-Vitamins,10:00-PM,5-Mins,0.734808910190079
Wood,22,Female,Mindfulness,Play-the-Guitar,7:00-PM,30-Mins,2.29300375509175
Horace,25,Female,Personal-Care,Wear-a-Mask,All-Day,---,4.03444837254327
Evey,19,Female,Productivity,Paint-and-Draw,Weekend,2-Hours,3.80909815558063
Selia,27,Male,Leisure,Dance,6:00-PM,30-Mins,3.5655007942254
Mela,17,Male,Organization,Set-a-To-do-List,10:00-PM,10-Mins,1.56559604277465
Liv,23,Male,Mindfulness,Play-the-Guitar,7:00-PM,30-Mins,0.239328422493514
Brendin,19,Bigender,Productivity,Learn-New-Languages,3:00-PM,30-Mins,3.05848245876749
Reggis,18,Polygender,Mindfulness,Go-for-a-Walk,6:00-AM,30-Mins,3.0539921359502
Arnold,15,Bigender,Exercise,Practice-Boxing,6:00-PM,30-Mins,2.48972746083771
Charlena,26,Female,Productivity,Learn-New-Languages,3:00-PM,30-Mins,4.6082015300824
Blaire,19,Male,Productivity,Paint-and-Draw,Weekend,2-Hours,2.53458251895696
Irina,30,Male,Personal-Care,Take-a-Healthy-Diet,All-Day,30-Mins,0.555759069946487
Herculie,17,Polygender,Exercise,Burn-some-Calories,6:00-PM,30-Mins,2.22842652016159
Wyatan,20,Genderqueer,Productivity,Learn-New-Languages,3:00-PM,30-Mins,1.393329746601
Ossie,12,Female,Exercise,Climb-Those-Stairs,6:00-PM,30-Mins,3.33785644797706
Nicola,14,Female,Personal-Care,Drink-Water,All-Day,5-Mins,0.0909382700291405
Mayne,21,Female,Socialising,Call-My-Parents,9:00-PM,10-Mins,2.22932811468756
Tynan,12,Non-binary,Personal-Care,Eat-Fruits,All-Day,10-Mins,1.17716665215991
Frazer,28,Female,Mindfulness,Practice-Yoga,6:00-AM,30-Mins,0.857186953918979
Theresita,14,Male,Leisure,Go-Fishing,Weekend,2-Hours,2.75658328537331
Lisbeth,24,Female,Leisure,Jump-Rope,6:00-PM,30-Mins,1.45081321919753
Chloette,26,Female,Exercise,Burn-some-Calories,6:00-PM,30-Mins,1.78290577008703
Buiron,28,Male,Personal-Care,Wear-a-Mask,All-Day,---,2.88602459734082
Dorthea,25,Female,Exercise,Practice-Boxing,6:00-PM,30-Mins,1.91065112060382
Leonid,19,Female,Exercise,Cardio-Training,6:00-PM,40-Mins,0.0160222874870811
Nil,26,Male,Leisure,Go-Climbing,6:00-PM,30-Mins,3.51996271894892
Sheff,23,Female,Mindfulness,Spend-Time-with-Yourself,10:00-PM,30-Mins,1.24841781868845
